Transaction Name,Transaction Name URL,Organization Name,Organization Name URL,Funding Type,Money Raised,Money Raised Currency,Money Raised Currency (in USD),Announced Date,Investor Names
Series D - TrustArc,https://www.crunchbase.com/funding_round/truste-series-d--2ef4145f,TrustArc,https://www.crunchbase.com/organization/truste,Series D,70000000,USD,70000000,2019-07-10,"Accel, Baseline Ventures, Bregal Sagemount, DAG Ventures, Icon Ventures, Industry Ventures"
Series A - OneTrust,https://www.crunchbase.com/funding_round/onetrust-series-a--f76acf75,OneTrust,https://www.crunchbase.com/organization/onetrust,Series A,200000000,USD,200000000,2019-07-11,Insight Partners
Series C - GoTenna,https://www.crunchbase.com/funding_round/gotenna-series-c--9af717a0,GoTenna,https://www.crunchbase.com/organization/gotenna,Series C,24000000,USD,24000000,2019-06-18,"Bloomberg Beta, Collaborative Fund, Comcast Ventures, Founders Fund, MentorTech Ventures, Union Square Ventures, Walden Venture Capital"
Series B - Privitar,https://www.crunchbase.com/funding_round/privitar-series-b--07d338ed,Privitar,https://www.crunchbase.com/organization/privitar,Series B,40000000,USD,40000000,2019-06-10,"24 Haymarket, Accel, IQ Capital, Partech, Salesforce Ventures"
Series D - Dashlane,https://www.crunchbase.com/funding_round/dashlane-series-d--82933e14,Dashlane,https://www.crunchbase.com/organization/dashlane,Series D,110000000,USD,110000000,2019-05-30,"Bessemer Venture Partners, FirstMark, Rho Ventures, Sequoia Capital"
Seed Round - Identiq,https://www.crunchbase.com/funding_round/identiq-seed--1483b500,Identiq,https://www.crunchbase.com/organization/identiq,Seed,5000000,USD,5000000,2019-05-28,"Entrée Capital, Oryzn Capital, Slow Ventures, Vertex Ventures Israel"
Series A - Aptible,https://www.crunchbase.com/funding_round/aptible-series-a--0fd73908,Aptible,https://www.crunchbase.com/organization/aptible,Series A,12000000,USD,12000000,2019-06-18,"Maverick Ventures, Tamarind Hill, Thrive Capital, Western Technology Investment"
Venture Round - Tu Identidad,https://www.crunchbase.com/funding_round/tu-identidad-series-unknown--3688d8e1,Tu Identidad,https://www.crunchbase.com/organization/tu-identidad,Venture - Series Unknown,600000,USD,600000,2019-05-07,"Dark Horse Ventures, Finnovista"
Series A - QEDIT,https://www.crunchbase.com/funding_round/qed-it-series-a--96d2b701,QEDIT,https://www.crunchbase.com/organization/qed-it,Series A,10000000,USD,10000000,2019-05-07,"Ant Financial, Collier Investments, Jovono, Meron Capital, MizMaa Ventures, RGAx, Target Global, VMware"
Seed Round - Transcend,https://www.crunchbase.com/funding_round/transcend-seed--e25661fb,Transcend,https://www.crunchbase.com/organization/transcend,Seed,3950000,USD,3950000,2019-04-04,"122WEST VENTURES, Accel, South Park Commons"
Series F - Nextdoor,https://www.crunchbase.com/funding_round/nextdoor-series-f--28dd522a,Nextdoor,https://www.crunchbase.com/organization/nextdoor,Series F,123000000,USD,123000000,2019-05-14,"Benchmark, Kleiner Perkins, Riverwood Capital, Tiger Global Management"
Venture Round - Private Client Resources,https://www.crunchbase.com/funding_round/private-client-resources-series-unknown--c7b76538,Private Client Resources,https://www.crunchbase.com/organization/private-client-resources,Venture - Series Unknown,,,,2019-06-07,Public Pension Capital (PPC)
Series A - Cambridge Blockchain,https://www.crunchbase.com/funding_round/cambridge-blockchain-series-a--a84cc985,Cambridge Blockchain,https://www.crunchbase.com/organization/cambridge-blockchain,Series A,3500000,USD,3500000,2019-04-02,"Flourish Venture, Future Perfect Ventures, Omidyar Network, PayPal"
Seed Round - CryptoNumerics,https://www.crunchbase.com/funding_round/cryptonumerics-seed--5a7874db,CryptoNumerics,https://www.crunchbase.com/organization/cryptonumerics,Seed,3300000,CAD,2481029,2019-03-13,"11.2 Capital, Data Capital Management, Lux Capital"
Seed Round - Trace Data,https://www.crunchbase.com/funding_round/trace-data-seed--10e8384b,Trace Data,https://www.crunchbase.com/organization/trace-data,Seed,5000000,USD,5000000,2019-07-01,"Accel, Kleiner Perkins, overtime.vc"
Convertible Note - D-ID,https://www.crunchbase.com/funding_round/d-id-convertible-note--cade6bac,D-ID,https://www.crunchbase.com/organization/d-id,Convertible Note,5300000,USD,5300000,2018-10-25,"Hyundai Motor Company, Maverick Ventures, Mindset Ventures, Omron Corporation, Pegasus Tech Ventures, Pitango Venture Capital, Y Combinator"
Series A - Authenteq,https://www.crunchbase.com/funding_round/authenteq-series-a--37f9cddf,Authenteq,https://www.crunchbase.com/organization/authenteq,Series A,5000000,USD,5000000,2019-01-14,"capital300, Draper Associates"
Seed Round - Statice,https://www.crunchbase.com/funding_round/statice-dec7-seed--e14431bf,Statice,https://www.crunchbase.com/organization/statice-dec7,Seed,,,,2019-04-16,"Capnamic Ventures, WestTech Ventures"
Debt Financing - Dashlane,https://www.crunchbase.com/funding_round/dashlane-debt-financing--795bfe03,Dashlane,https://www.crunchbase.com/organization/dashlane,Debt Financing,30000000,USD,30000000,2019-04-12,"Hercules Capital, Inc."
Funding Round - Statice,https://www.crunchbase.com/funding_round/statice-dec7-undisclosed--3d1c29a7,Statice,https://www.crunchbase.com/organization/statice-dec7,Funding Round,,,,2019-04-02,Data Pitch
Debt Financing - siOPTICA,https://www.crunchbase.com/funding_round/sioptica-debt-financing--adb2a162,siOPTICA,https://www.crunchbase.com/organization/sioptica,Debt Financing,4000000,EUR,4987294,2018-02-14,bm-t beteiligungsmanagement thüringen
Series A - DataGrail,https://www.crunchbase.com/funding_round/datagrail-series-a--9d31fa77,DataGrail,https://www.crunchbase.com/organization/datagrail,Series A,4000000,USD,4000000,2018-09-20,"Bob Spinner, Clarence So, Cloud Apps Capital Partners, Gunderson Dettmer"
Grant - HOPR,https://www.crunchbase.com/funding_round/hopr-grant--300b5974,HOPR,https://www.crunchbase.com/organization/hopr,Grant,15000,USD,15000,2019-04-12,Binance Labs
Seed Round - PacketStream,https://www.crunchbase.com/funding_round/packetstream-a5dd-seed--ee7e9791,PacketStream,https://www.crunchbase.com/organization/packetstream-a5dd,Seed,,,,2019-03-25,"Hector Sahagun, Rogelio Choy"
Series A - Spinbackup,https://www.crunchbase.com/funding_round/spinbackup-llc-series-a--9d45914c,Spinbackup,https://www.crunchbase.com/organization/spinbackup-llc,Series A,1500000,USD,1500000,2018-12-16,"bValue Venture Capital, TMT Investments"
Initial Coin Offering - NuCypher,https://www.crunchbase.com/funding_round/nucypher-initial-coin-offering--d7cfe51b,NuCypher,https://www.crunchbase.com/organization/nucypher,Initial Coin Offering,,,,2017-10-30,Kenetic
Grant - D-ID,https://www.crunchbase.com/funding_round/d-id-grant--51b57270,D-ID,https://www.crunchbase.com/organization/d-id,Grant,71429,EUR,81868,2019-01-01,EASME - EU Executive Agency for SMEs
Series A - WireWheel.io,https://www.crunchbase.com/funding_round/wirewheel-io-series-a--33d7a862,WireWheel.io,https://www.crunchbase.com/organization/wirewheel-io,Series A,10000000,USD,10000000,2018-10-25,"Grotech Ventures, New Enterprise Associates, PSP Growth, Rise of the Rest, SaaS Ventures, Sands Capital Ventures"
Convertible Note - Helm,https://www.crunchbase.com/funding_round/privacy-labs-convertible-note--83736c5a,Helm,https://www.crunchbase.com/organization/privacy-labs,Convertible Note,,,,2019-04-19,Arrive
Pre Seed Round - Metomic,https://www.crunchbase.com/funding_round/metomic-pre-seed--17709798,Metomic,https://www.crunchbase.com/organization/metomic,Pre-Seed,80000,GBP,106815,2018-06-01,Entrepreneur First
Secondary Market - Nextdoor,https://www.crunchbase.com/funding_round/nextdoor-secondary-market--ab6b7722,Nextdoor,https://www.crunchbase.com/organization/nextdoor,Secondary Market,,,,2018-03-31,SharesPost Investment Management
Seed Round - Metomic,https://www.crunchbase.com/funding_round/metomic-seed--7a8ae9e7,Metomic,https://www.crunchbase.com/organization/metomic,Seed,1420000,GBP,1797547,2019-05-28,Connect Ventures
Corporate Round - BEAM,https://www.crunchbase.com/funding_round/beam-0b5a-corporate-round--9f875de9,BEAM,https://www.crunchbase.com/organization/beam-0b5a,Corporate Round,25000000,USD,25000000,2019-02-18,Recruit Strategic Partners
Pre Seed Round - Kalepso,https://www.crunchbase.com/funding_round/kalepso-pre-seed--204903b6,Kalepso,https://www.crunchbase.com/organization/kalepso,Pre-Seed,800000,CAD,640959,2017-10-01,TandemLaunch
Angel Round - MobilePages Inc.,https://www.crunchbase.com/funding_round/mobilepages-angel--b7cb34c0,MobilePages Inc.,https://www.crunchbase.com/organization/mobilepages,Angel,,,,2017-08-27,Terell Sterling
Angel Round - DataGrail,https://www.crunchbase.com/funding_round/datagrail-angel--b95ea687,DataGrail,https://www.crunchbase.com/organization/datagrail,Angel,200000,USD,200000,2018-05-30,Peter Kazanjy
Corporate Round - Privitar,https://www.crunchbase.com/funding_round/privitar-corporate-round--bcb94768,Privitar,https://www.crunchbase.com/organization/privitar,Corporate Round,1794543,GBP,2253963,2018-12-10,Citigroup
Seed Round - Tenta Browser,https://www.crunchbase.com/funding_round/tenta-browser-seed--2c48d99b,Tenta Browser,https://www.crunchbase.com/organization/tenta-browser,Seed,,,,2019-01-17,ConsenSys Ventures
Seed Round - Token,https://www.crunchbase.com/funding_round/token-3-seed--2f873b12,Token,https://www.crunchbase.com/organization/token-3,Seed,300000,USD,300000,2019-04-02,
Series B - Dessmann,https://www.crunchbase.com/funding_round/dessmann-series-b--2bf93e21,Dessmann,https://www.crunchbase.com/organization/dessmann,Series B,100000000,CNY,14512103,2018-11-02,"Hotata, Red Star Macalline, Share Capital"
Non Equity Assistance - Secure AI Labs,https://www.crunchbase.com/funding_round/secure-ai-labs-non-equity-assistance--edf71579,Secure AI Labs,https://www.crunchbase.com/organization/secure-ai-labs,Non-equity Assistance,,,,2018-09-08,MIT delta v
Pre Seed Round - Kindite,https://www.crunchbase.com/funding_round/kindite-pre-seed--480abe92,Kindite,https://www.crunchbase.com/organization/kindite,Pre-Seed,,,,2018-01-01,The Junction
Pre Seed Round - PacketStream,https://www.crunchbase.com/funding_round/packetstream-a5dd-pre-seed--2193dd98,PacketStream,https://www.crunchbase.com/organization/packetstream-a5dd,Pre-Seed,,,,2018-06-01,Bell Standard
Initial Coin Offering - Telegram Messenger,https://www.crunchbase.com/funding_round/telegram-messenger-initial-coin-offering--00da4d21,Telegram Messenger,https://www.crunchbase.com/organization/telegram-messenger,Initial Coin Offering,850000000,USD,850000000,2018-02-16,"Alexis Berthoud, Concentric, Dalma Capital, O.D. Kobo"
Seed Round - Guardian Firewall,https://www.crunchbase.com/funding_round/guardian-mobile-firewall-seed--e2d6d58d,Guardian Firewall,https://www.crunchbase.com/organization/guardian-mobile-firewall,Seed,850000,USD,850000,2018-11-01,Stephen Russell
Seed Round - Mostly AI,https://www.crunchbase.com/funding_round/mostly-ai-seed--66c61fce,Mostly AI,https://www.crunchbase.com/organization/mostly-ai,Seed,,,,2018-11-19,PUSH Ventures
Funding Round - RADAR,https://www.crunchbase.com/funding_round/radar-llc-undisclosed--6691fc52,RADAR,https://www.crunchbase.com/organization/radar-llc,Funding Round,,,,2018-11-12,Vista Equity Partners
Series A - Dimension,https://www.crunchbase.com/funding_round/dimension-293e-series-a--0716f75a,Dimension,https://www.crunchbase.com/organization/dimension-293e,Series A,400000,USD,400000,2018-10-15,NEO Global Capital (NGC)
Pre Seed Round - Winston Privacy,https://www.crunchbase.com/funding_round/winston-privacy-pre-seed--ebf5881c,Winston Privacy,https://www.crunchbase.com/organization/winston-privacy,Pre-Seed,,,,2018-01-01,Grant Newlin
Seed Round - Steel Mountain Systems Corp.,https://www.crunchbase.com/funding_round/steel-mountain-systems-corp-seed--a86bcda9,Steel Mountain Systems Corp.,https://www.crunchbase.com/organization/steel-mountain-systems-corp,Seed,35000,USD,35000,2017-09-01,StartupYard
Seed Round - Tonic,https://www.crunchbase.com/funding_round/tonic-ai-seed--8d5d1611,Tonic,https://www.crunchbase.com/organization/tonic-ai,Seed,1900000,USD,1900000,2018-06-01,"Bloomberg Beta, Heavybit, Xfund"
Seed Round - Route4Gas,https://www.crunchbase.com/funding_round/route4gas-seed--511fa48d,Route4Gas,https://www.crunchbase.com/organization/route4gas,Seed,,,,2018-11-30,
Seed Round - Ntropy,https://www.crunchbase.com/funding_round/ntropy-seed--a8377be9,Ntropy,https://www.crunchbase.com/organization/ntropy,Seed,,,,2018-06-01,Fabric Ventures
Seed Round - Kindite,https://www.crunchbase.com/funding_round/kindite-seed--628ccdeb,Kindite,https://www.crunchbase.com/organization/kindite,Seed,4000000,USD,4000000,2018-10-16,"CE Ventures (CEIIF), RDC - Rafael Development Corporation"
Debt Financing - TigerConnect,https://www.crunchbase.com/funding_round/tigertext-debt-financing--ac717eda,TigerConnect,https://www.crunchbase.com/organization/tigertext,Debt Financing,22500000,USD,22500000,2018-09-05,"CIBC, Montreux Equity Partners, New Leaf Venture Partners, Norwest Venture Partners, OrbiMed"
Seed Round - D-ID,https://www.crunchbase.com/funding_round/d-id-seed--0e0d8d91,D-ID,https://www.crunchbase.com/organization/d-id,Seed,4000000,USD,4000000,2018-01-22,"Foundation Capital, Maverick Ventures, Pegasus Tech Ventures, Pitango Venture Capital, Y Combinator"
Seed Round - Cliqueshare,https://www.crunchbase.com/funding_round/cliqueshare-seed--aad91691,Cliqueshare,https://www.crunchbase.com/organization/cliqueshare,Seed,350000,USD,350000,2019-06-03,
Series A - Immuta,https://www.crunchbase.com/funding_round/immuta-series-a--29c36474,Immuta,https://www.crunchbase.com/organization/immuta,Series A,6700000,USD,6700000,2017-07-01,"Conversion Capital, Drive Capital, Greycroft, Ohio Innovation Fund"
Series B - Immuta,https://www.crunchbase.com/funding_round/immuta-series-b--528c43c0,Immuta,https://www.crunchbase.com/organization/immuta,Series B,20000000,USD,20000000,2018-06-01,"Citi Ventures, Dell Technologies Capital, DFJ Growth, Drive Capital, Greycroft, Ohio Innovation Fund"
Seed Round - Route4Gas,https://www.crunchbase.com/funding_round/route4gas-seed--509d8062,Route4Gas,https://www.crunchbase.com/organization/route4gas,Seed,3500000,EUR,3961471,2018-11-30,
Seed Round - Siilo,https://www.crunchbase.com/funding_round/siilo-seed--b2bf438d,Siilo,https://www.crunchbase.com/organization/siilo,Seed,4500000,EUR,5182671,2018-10-04,EQT Ventures
Seed Round - TRUSTLESS.AI,https://www.crunchbase.com/funding_round/trustless-ai-seed--1e73c152,TRUSTLESS.AI,https://www.crunchbase.com/organization/trustless-ai,Seed,,,,2019-05-09,
Seed Round - Cliqueshare,https://www.crunchbase.com/funding_round/cliqueshare-seed--1a78e71b,Cliqueshare,https://www.crunchbase.com/organization/cliqueshare,Seed,165000,USD,165000,2019-03-01,
Convertible Note - Netki,https://www.crunchbase.com/funding_round/netki-inc-convertible-note--9e0ecbc0,Netki,https://www.crunchbase.com/organization/netki-inc,Convertible Note,,,,2018-05-03,CMT Digital Ventures LLC
Debt Financing - Dashlane,https://www.crunchbase.com/funding_round/dashlane-debt-financing--e6adacfe,Dashlane,https://www.crunchbase.com/organization/dashlane,Debt Financing,10000000,USD,10000000,2018-04-26,"Hercules Capital, Inc."
Pre Seed Round - EcoSteer,https://www.crunchbase.com/funding_round/ecosteer-pre-seed--89d7d0b1,EcoSteer,https://www.crunchbase.com/organization/ecosteer,Pre-Seed,100000,EUR,116285,2017-11-01,
Seed Round - EcoSteer,https://www.crunchbase.com/funding_round/ecosteer-seed--d11b09d8,EcoSteer,https://www.crunchbase.com/organization/ecosteer,Seed,450000,EUR,509445,2018-12-01,
Seed Round - Swiss Security Solutions,https://www.crunchbase.com/funding_round/swiss-security-solutions-seed--fd3279d8,Swiss Security Solutions,https://www.crunchbase.com/organization/swiss-security-solutions,Seed,,,,2019-04-01,
Pre Seed Round - Profila,https://www.crunchbase.com/funding_round/profila-pre-seed--6e59c290,Profila,https://www.crunchbase.com/organization/profila,Pre-Seed,,,,2019-01-05,
Seed Round - NUTS Technologies Inc.,https://www.crunchbase.com/funding_round/nuts-technologies-seed--e37e6c7e,NUTS Technologies Inc.,https://www.crunchbase.com/organization/nuts-technologies,Seed,2300000,USD,2300000,2018-04-16,
Pre Seed Round - Swiss Security Solutions,https://www.crunchbase.com/funding_round/swiss-security-solutions-pre-seed--e54918b8,Swiss Security Solutions,https://www.crunchbase.com/organization/swiss-security-solutions,Pre-Seed,20000,CHF,21241,2018-03-01,
Seed Round - Dimension,https://www.crunchbase.com/funding_round/dimension-293e-seed--36dd8b20,Dimension,https://www.crunchbase.com/organization/dimension-293e,Seed,600000,USD,600000,2018-01-10,FREES FUND
Seed Round - Steel Mountain Systems Corp.,https://www.crunchbase.com/funding_round/steel-mountain-systems-corp-seed--c7cf9cdf,Steel Mountain Systems Corp.,https://www.crunchbase.com/organization/steel-mountain-systems-corp,Seed,120000,USD,120000,2018-01-15,StartupYard
Pre Seed Round - Privacy Dynamics,https://www.crunchbase.com/funding_round/privacy-dynamics-pre-seed--a7219032,Privacy Dynamics,https://www.crunchbase.com/organization/privacy-dynamics,Pre-Seed,,,,2018-09-30,
Angel Round - Profila,https://www.crunchbase.com/funding_round/profila-angel--bed8ee9e,Profila,https://www.crunchbase.com/organization/profila,Angel,100000,EUR,116684,2018-06-01,
Convertible Note - Spinbackup,https://www.crunchbase.com/funding_round/spinbackup-llc-convertible-note--9f73efaf,Spinbackup,https://www.crunchbase.com/organization/spinbackup-llc,Convertible Note,,,,2018-07-19,VentureBot
Seed Round - Tu Identidad,https://www.crunchbase.com/funding_round/tu-identidad-seed--d736c97a,Tu Identidad,https://www.crunchbase.com/organization/tu-identidad,Seed,,,,2018-07-17,Startupbootcamp
Seed Round - @unik-name,https://www.crunchbase.com/funding_round/unik-name-seed--94250610,@unik-name,https://www.crunchbase.com/organization/unik-name,Seed,,,,2018-12-01,
Seed Round - Perseus,https://www.crunchbase.com/funding_round/perseus-5e69-seed--6fb88b84,Perseus,https://www.crunchbase.com/organization/perseus-5e69,Seed,,,,2017-09-04,finleap
Venture Round - DuckDuckGo,https://www.crunchbase.com/funding_round/duck-duck-go-series-unknown--c2fc6f60,DuckDuckGo,https://www.crunchbase.com/organization/duck-duck-go,Venture - Series Unknown,10000000,USD,10000000,2018-08-21,OMERS Ventures
Venture Round - Trustify,https://www.crunchbase.com/funding_round/trustify-series-unknown--6edc2b9c,Trustify,https://www.crunchbase.com/organization/trustify,Venture - Series Unknown,2986077,USD,2986077,2018-08-23,
Initial Coin Offering - Origo Network,https://www.crunchbase.com/funding_round/origo-network-initial-coin-offering--abd50ffc,Origo Network,https://www.crunchbase.com/organization/origo-network,Initial Coin Offering,,,,2018-06-10,"Connect Capital, Nirvana Capital"
Pre Seed Round - inCyber Compliance,https://www.crunchbase.com/funding_round/incyber-compliance-pre-seed--c5b101b4,inCyber Compliance,https://www.crunchbase.com/organization/incyber-compliance,Pre-Seed,50000,USD,50000,2018-03-15,
Corporate Round - Link Motion,https://www.crunchbase.com/funding_round/nqmobile-corporate-round--aaab2986,Link Motion,https://www.crunchbase.com/organization/nqmobile,Corporate Round,,,,2018-07-20,China AI Capital
Seed Round - Cliqueshare,https://www.crunchbase.com/funding_round/cliqueshare-seed--022d5fd8,Cliqueshare,https://www.crunchbase.com/organization/cliqueshare,Seed,115000,USD,115000,2018-09-01,
Funding Round - XAIN,https://www.crunchbase.com/funding_round/xain-group-undisclosed--830133f5,XAIN,https://www.crunchbase.com/organization/xain-group,Funding Round,,,,2019-05-30,
Venture Round - Origo Network,https://www.crunchbase.com/funding_round/origo-network-series-unknown--2e09af47,Origo Network,https://www.crunchbase.com/organization/origo-network,Venture - Series Unknown,,,,2018-08-07,Consensus Lab
Venture Round - TrackOFF,https://www.crunchbase.com/funding_round/trackoff-series-unknown--f5890767,TrackOFF,https://www.crunchbase.com/organization/trackoff,Venture - Series Unknown,999998,USD,999998,2018-06-04,
Seed Round - MyDocSafe,https://www.crunchbase.com/funding_round/mydocsafe-seed--e1706107,MyDocSafe,https://www.crunchbase.com/organization/mydocsafe,Seed,125000,GBP,161875,2017-09-01,
Seed Round - KORK,https://www.crunchbase.com/funding_round/kork-seed--58a8543d,KORK,https://www.crunchbase.com/organization/kork,Seed,,,,2018-07-23,Stoic Capital
Seed Round - CloudRail,https://www.crunchbase.com/funding_round/cloudrail-seed--6f98ee6f,CloudRail,https://www.crunchbase.com/organization/cloudrail,Seed,540000,EUR,672708,2018-02-02,"BWM GmbH, Leonardo Venture, Rheinland-Pfalz Fonds, Ulrich Turck Family Office"
Series B - Dessmann,https://www.crunchbase.com/funding_round/dessmann-series-b--cfc267e8,Dessmann,https://www.crunchbase.com/organization/dessmann,Series B,16000000,USD,16000000,2018-03-21,"Hotata, Red Star Macalline, Share Capital"
Venture Round - Integris Software,https://www.crunchbase.com/funding_round/integris-software-series-unknown--a9e52ab3,Integris Software,https://www.crunchbase.com/organization/integris-software,Venture - Series Unknown,1500000,USD,1500000,2018-01-22,"Amplify Partners, Madrona Venture Group"
Seed Round - PORT,https://www.crunchbase.com/funding_round/port-seed--12d213f9,PORT,https://www.crunchbase.com/organization/port,Seed,500000,GBP,659905,2017-07-31,
Series E - Nextdoor,https://www.crunchbase.com/funding_round/nextdoor-series-e--a4a85cf0,Nextdoor,https://www.crunchbase.com/organization/nextdoor,Series E,75000000,USD,75000000,2017-12-11,
Seed Round - Pryv,https://www.crunchbase.com/funding_round/pryv-seed--903272fa,Pryv,https://www.crunchbase.com/organization/pryv,Seed,1100000,CHF,1124914,2017-10-17,Cosa Trade SA
Equity Crowdfunding - ZenMate,https://www.crunchbase.com/funding_round/zenguard-equity-crowdfunding--14947a31,ZenMate,https://www.crunchbase.com/organization/zenguard,Equity Crowdfunding,23040,GBP,30832,2018-06-13,
Seed Round - VIDA,https://www.crunchbase.com/funding_round/solidx-partners-seed--29a8142a,VIDA,https://www.crunchbase.com/organization/solidx-partners,Seed,2000000,USD,2000000,2017-10-15,
Grant - Authenteq,https://www.crunchbase.com/funding_round/authenteq-grant--7a9ec22e,Authenteq,https://www.crunchbase.com/organization/authenteq,Grant,50000,EUR,57122,2017-07-01,EASME - EU Executive Agency for SMEs
Seed Round - TODAQ,https://www.crunchbase.com/funding_round/todaq-seed--cbf7bd18,TODAQ,https://www.crunchbase.com/organization/todaq,Seed,,,,2018-01-31,VentureSouq
Product Crowdfunding - Purism,https://www.crunchbase.com/funding_round/purism-product-crowdfunding--018bb3fd,Purism,https://www.crunchbase.com/organization/purism,Product Crowdfunding,1586663,USD,1586663,2017-10-10,
Seed Round - Spinbackup,https://www.crunchbase.com/funding_round/spinbackup-llc-seed--77999cf5,Spinbackup,https://www.crunchbase.com/organization/spinbackup-llc,Seed,500000,USD,500000,2017-09-07,AVentures Capital
Equity Crowdfunding - Wave Application,https://www.crunchbase.com/funding_round/wave-application-equity-crowdfunding--52706047,Wave Application,https://www.crunchbase.com/organization/wave-application,Equity Crowdfunding,827810,GBP,1166586,2018-04-07,Crowdcube
Angel Round - Dominode,https://www.crunchbase.com/funding_round/dominode-angel--85d1c456,Dominode,https://www.crunchbase.com/organization/dominode,Angel,1300000,USD,1300000,2018-01-26,Blockchain Ventures Corp
Series A - Ubisecure,https://www.crunchbase.com/funding_round/ubisecure-series-a--24ba30f1,Ubisecure,https://www.crunchbase.com/organization/ubisecure,Series A,,,,2018-05-17,Octopus Investments
Non Equity Assistance - CryptoNumerics,https://www.crunchbase.com/funding_round/cryptonumerics-non-equity-assistance--c32b5fcb,CryptoNumerics,https://www.crunchbase.com/organization/cryptonumerics,Non-equity Assistance,,,,2017-10-14,Creative Destruction Lab
Debt Financing - Cambridge Blockchain,https://www.crunchbase.com/funding_round/cambridge-blockchain-debt-financing--98890d77,Cambridge Blockchain,https://www.crunchbase.com/organization/cambridge-blockchain,Debt Financing,1000000,USD,1000000,2018-02-20,
"Funding Round - Overnest, Inc.",https://www.crunchbase.com/funding_round/overnest-inc-undisclosed--71cf849a,"Overnest, Inc.",https://www.crunchbase.com/organization/overnest-inc,Funding Round,,,,2018-02-01,DHVC
Debt Financing - Pryv,https://www.crunchbase.com/funding_round/pryv-debt-financing--90333587,Pryv,https://www.crunchbase.com/organization/pryv,Debt Financing,400000,CHF,426679,2018-01-29,Foundation for Technological Innovation (FIT)
Series A - SVATech,https://www.crunchbase.com/funding_round/svatech-series-a--2622f27f,SVATech,https://www.crunchbase.com/organization/svatech,Series A,2500000,BRL,809611,2017-09-10,Inseed Investimentos
Seed Round - TrackOFF,https://www.crunchbase.com/funding_round/trackoff-seed--3356d8ff,TrackOFF,https://www.crunchbase.com/organization/trackoff,Seed,,,,2017-12-05,"Blu Venture Investors, TEDCO"
Venture Round - Protocol Labs,https://www.crunchbase.com/funding_round/protocol-labs-series-unknown--70e1e383,Protocol Labs,https://www.crunchbase.com/organization/protocol-labs,Venture - Series Unknown,,,,2017-09-16,BlueYard Capital
Seed Round - WireWheel.io,https://www.crunchbase.com/funding_round/wirewheel-io-seed--505b6575,WireWheel.io,https://www.crunchbase.com/organization/wirewheel-io,Seed,3100000,USD,3100000,2017-11-14,"New Enterprise Associates, PSP Growth, SaaS Ventures, Sean Glass, Steve Case"
Initial Coin Offering - Telegram Messenger,https://www.crunchbase.com/funding_round/telegram-messenger-initial-coin-offering--eaa7170a,Telegram Messenger,https://www.crunchbase.com/organization/telegram-messenger,Initial Coin Offering,850000000,USD,850000000,2018-03-29,
Series B - Anonyome Labs,https://www.crunchbase.com/funding_round/anonyome-labs-series-b--18e7c28a,Anonyome Labs,https://www.crunchbase.com/organization/anonyome-labs,Series B,20400000,USD,20400000,2017-08-28,"Greg Clark, Hanna Ventures, John Mumford, Ken A. Eldred, Steve Shillingford, Todd Davis"
Seed Round - Token,https://www.crunchbase.com/funding_round/token-3-seed--c6c8bf0f,Token,https://www.crunchbase.com/organization/token-3,Seed,1150000,USD,1150000,2018-03-01,
Venture Round - NuCypher,https://www.crunchbase.com/funding_round/nucypher-series-unknown--06953518,NuCypher,https://www.crunchbase.com/organization/nucypher,Venture - Series Unknown,4400000,USD,4400000,2017-12-12,"Amino Capital, CoinFund, Compound, FBG Capital, Galaxy Investment Partners, Hashed, Mission and Market, Nima Capital, Polychain, Satoshi Fund, Semantic Ventures"
Seed Round - Winston Privacy,https://www.crunchbase.com/funding_round/winston-privacy-seed--ea7ac814,Winston Privacy,https://www.crunchbase.com/organization/winston-privacy,Seed,,,,2018-07-17,"Connetic Ventures, Founder Equity Fund, M25, New Stack Ventures"
Series A - Integris Software,https://www.crunchbase.com/funding_round/integris-software-series-a--812abf09,Integris Software,https://www.crunchbase.com/organization/integris-software,Series A,10041053,USD,10041053,2018-07-12,"Amplify Partners, Aspect Ventures, Madrona Venture Group, Workday Ventures"
Seed Round - Parachute8 Inc.,https://www.crunchbase.com/funding_round/parachute8-inc-seed--e59ba8dd,Parachute8 Inc.,https://www.crunchbase.com/organization/parachute8-inc,Seed,50000,USD,50000,2018-03-31,unknown  
Series A - Cambridge Blockchain,https://www.crunchbase.com/funding_round/cambridge-blockchain-series-a--fa0a8410,Cambridge Blockchain,https://www.crunchbase.com/organization/cambridge-blockchain,Series A,7000000,USD,7000000,2018-05-16,"Digital Currency Group, HCM Capital, Partech"
Seed Round - One.Thing.Less Ltd.,https://www.crunchbase.com/funding_round/one-thing-less-ltd-seed--581e7cdc,One.Thing.Less Ltd.,https://www.crunchbase.com/organization/one-thing-less-ltd,Seed,260000,CHF,267588,2018-04-19,
Non Equity Assistance - NuCypher,https://www.crunchbase.com/funding_round/nucypher-non-equity-assistance--2e5f7a21,NuCypher,https://www.crunchbase.com/organization/nucypher,Non-equity Assistance,,,,2017-10-18,Creative Destruction Lab
Seed Round - Taxa,https://www.crunchbase.com/funding_round/taxa-seed--97f6e053,Taxa,https://www.crunchbase.com/organization/taxa,Seed,,,,2018-03-07,"Amino Capital, Bertelsmann Asia Investments, FBG Capital, FREES FUND, GBIC, Liquid 2 Ventures, Wei Guo"
Seed Round - VIDA,https://www.crunchbase.com/funding_round/solidx-partners-seed--d85b3158,VIDA,https://www.crunchbase.com/organization/solidx-partners,Seed,3200000,USD,3200000,2017-07-24,
Venture Round - Tanker,https://www.crunchbase.com/funding_round/tanker-series-unknown--115a6ea7,Tanker,https://www.crunchbase.com/organization/tanker,Venture - Series Unknown,6000000,EUR,7167003,2017-09-15,"AXA Venture Partners, Idinvest Partners, InnovAllianz, Kima Ventures"
Seed Round - One.Thing.Less Ltd.,https://www.crunchbase.com/funding_round/one-thing-less-ltd-seed--abb4d605,One.Thing.Less Ltd.,https://www.crunchbase.com/organization/one-thing-less-ltd,Seed,200000,CHF,204624,2018-01-08,
Series D - ForgeRock,https://www.crunchbase.com/funding_round/forgerock-series-d--6d6ee229,ForgeRock,https://www.crunchbase.com/organization/forgerock,Series D,88000000,USD,88000000,2017-09-05,"Accel, Foundation Capital, Kohlberg Kravis Roberts, Meritech Capital Partners"
Seed Round - XAIN,https://www.crunchbase.com/funding_round/xain-group-seed--5f08a029,XAIN,https://www.crunchbase.com/organization/xain-group,Seed,6000000,EUR,7035853,2018-06-05,Earlybird Venture Capital
Seed Round - Authenteq,https://www.crunchbase.com/funding_round/authenteq-seed--01cf2a47,Authenteq,https://www.crunchbase.com/organization/authenteq,Seed,1300000,USD,1300000,2017-11-28,"Cavalry Ventures, Draper Associates, Initial Capital"
Series A - Privitar,https://www.crunchbase.com/funding_round/privitar-series-a--aeb6fe84,Privitar,https://www.crunchbase.com/organization/privitar,Series A,16000000,USD,16000000,2017-07-18,"24 Haymarket, CME Ventures, Illuminate Financial, IQ Capital, Partech, Salesforce Ventures"
Seed Round - Statice,https://www.crunchbase.com/funding_round/statice-dec7-seed--0e62726e,Statice,https://www.crunchbase.com/organization/statice-dec7,Seed,250000,EUR,307193,2018-04-06,WATTx
Seed Round - Parachute8 Inc.,https://www.crunchbase.com/funding_round/parachute8-inc-seed--004e3672,Parachute8 Inc.,https://www.crunchbase.com/organization/parachute8-inc,Seed,65000,USD,65000,2018-01-10,
Seed Round - Prifender,https://www.crunchbase.com/funding_round/prifender-seed--34e83fbc,Prifender,https://www.crunchbase.com/organization/prifender,Seed,5000000,USD,5000000,2018-06-19,"Firstime Venture Capital, iAngels, Shaked Ventures"
Seed Round - Acuratio,https://www.crunchbase.com/funding_round/acuratio-seed--b278d3ff,Acuratio,https://www.crunchbase.com/organization/acuratio,Seed,,,,2017-09-12,Boost VC
