"Name of Covered Entity","State","Covered Entity Type","Individuals Affected","Breach Submission Date","Type of Breach","Location of Breached Information","Business Associate Present","Web Description"
"Byham's Insurance Services Inc.","PA","Healthcare Clearing House","1600","06/27/2019","Unauthorized Access/Disclosure","Desktop Computer, Email, Network Server","No",""
"Addison County Home Health & Hospice","VT","Healthcare Provider","758","06/25/2019","Hacking/IT Incident","Email","No",""
"University of IOwa Hospitals & Clinics","IA","Healthcare Provider","950","06/25/2019","Unauthorized Access/Disclosure","Email","No",""
"Boulevard Surgical Associates","CA","Healthcare Provider","542","06/20/2019","Theft","Paper/Films","No",""
"EyeCare Partners, LLC [on behalf of affiliated covered entities]","MO","Healthcare Provider","141165","06/19/2019","Hacking/IT Incident","Network Server","No",""
"Huntridge Family Clinic","NV","Healthcare Provider","2000","06/18/2019","Unauthorized Access/Disclosure","Paper/Films","No",""
"Brenda LaTowsky, M.D., PLC","AZ","Healthcare Provider","1282","06/17/2019","Theft","Laptop, Other Portable Electronic Device","No",""
"Community Healthlink","MA","Healthcare Provider","4598","06/17/2019","Hacking/IT Incident","Email","No",""
"Inform Diagnostics, Inc.","TX","Healthcare Provider","173617","06/14/2019","Hacking/IT Incident","Network Server","Yes",""
"Desert Healthcare Services, LLC","AZ","Healthcare Provider","8000","06/11/2019","Hacking/IT Incident","Network Server","No",""
"Kansas City VAMC","MO","Healthcare Provider","534","06/11/2019","Unauthorized Access/Disclosure","Paper/Films","No",""
"Sunshine State Health Plan, Inc.","FL","Health Plan","2000","06/07/2019","Unauthorized Access/Disclosure","Other","Yes",""
"Kingman Healthcare Incorporated","AZ","Healthcare Provider","1100","06/07/2019","Unauthorized Access/Disclosure","Other","No",""
"Elim Care","MN","Healthcare Provider","2500","06/07/2019","Hacking/IT Incident","Network Server","Yes",""
"Worcester Eye Consultants","MA","Healthcare Provider","2634","06/07/2019","Loss","Other","Yes",""
"CAPITOL CARDIOLOGY ASSOCIATES","MD","Healthcare Provider","1980","06/07/2019","Unauthorized Access/Disclosure","Desktop Computer","Yes",""
"SOUTHERN MARYLAND MEDICAL GROUP LLC","MD","Healthcare Provider","1400","06/07/2019","Unauthorized Access/Disclosure","Desktop Computer","Yes",""
"Shingle Springs Health and Wellness Center","CA","Healthcare Provider","21513","06/05/2019","Hacking/IT Incident","Network Server","No",""
"Rosenbaum Dental Group","FL","Healthcare Provider","1200","06/04/2019","Hacking/IT Incident","Desktop Computer","No",""
"Humana Inc","KY","Health Plan","863","06/03/2019","Unauthorized Access/Disclosure","Network Server","No",""
"Health Quest Systems, Inc. ","NY","Healthcare Provider","28910","05/31/2019","Hacking/IT Incident","Email","No",""
"City of Georgetown Fire Department","TX","Healthcare Provider","719","05/31/2019","Loss","Other Portable Electronic Device","No",""
"Broome County, New York","NY","Healthcare Provider","7048","05/31/2019","Hacking/IT Incident","Email","No",""
"Cerpassrx, LLC","TX","Health Plan","2513","05/31/2019","Hacking/IT Incident","Email","No",""
"The Union Labor Life Insurance Company","MD","Health Plan","87400","05/31/2019","Hacking/IT Incident","Email","No",""
"Capital City Paincare","OH","Healthcare Provider","1012","05/31/2019","Hacking/IT Incident","Network Server","No",""
"Takai, Hoover, and Hsu, P.A.","MD","Healthcare Provider","16542","05/29/2019","Unauthorized Access/Disclosure","Desktop Computer, Electronic Medical Record","No",""
"Sunshine Family Dentistry","TX","Healthcare Provider","800","05/27/2019","Theft","Network Server","No",""
"Monroe County Hospital","GA","Healthcare Provider","10970","05/25/2019","Hacking/IT Incident","Email","No",""
"Huggins Insurance Services, Inc.","OR","Business Associate","667","05/24/2019","Hacking/IT Incident","Email","Yes",""
"Maranatha Village Inc.","MO","Healthcare Provider","520","05/24/2019","Hacking/IT Incident","Email","No",""
"Healthfirst","NY","Health Plan","1811","05/24/2019","Unauthorized Access/Disclosure","Paper/Films","No",""
"Talley Medical Surgical Eyecare Associates, PC","IN","Healthcare Provider","106000","05/24/2019","Unauthorized Access/Disclosure","Desktop Computer, Electronic Medical Record, Email, Laptop, Network Server","No",""
"TriHealth Physician Practices","OH","Healthcare Provider","2433","05/24/2019","Unauthorized Access/Disclosure","Email","No",""
"Mercy Health Saint Mary's","MI","Healthcare Provider","978","05/24/2019","Hacking/IT Incident","Network Server","No",""
"Centura Health","CO","Healthcare Provider","7515","05/22/2019","Hacking/IT Incident","Email","No",""
"Partington Plastic Surgery","WA","Healthcare Provider","9000","05/22/2019","Unauthorized Access/Disclosure","Laptop","No",""
"Northwestern Health Sciences University","MN","Healthcare Provider","1198","05/21/2019","Hacking/IT Incident","Email","No",""
"Hematology Oncology Associates, PC","OR","Healthcare Provider","16073","05/21/2019","Hacking/IT Incident","Email","No",""
"Penn Medicine","PA","Healthcare Provider","917","05/21/2019","Unauthorized Access/Disclosure","Electronic Medical Record","No",""
"Special Health Resources for Texas, Inc. ","TX","Healthcare Provider","567","05/21/2019","Unauthorized Access/Disclosure","Electronic Medical Record","No",""
"Acadia Montana Treatment Center","MT","Healthcare Provider","14794","05/17/2019","Hacking/IT Incident","Email","No",""
"Aeroflow Inc.","NC","Healthcare Provider","4450","05/16/2019","Hacking/IT Incident","Network Server","No",""
"Communities Connected for Kids, Inc. ","FL","Business Associate","501","05/15/2019","Hacking/IT Incident","Network Server","Yes",""
"Aging Disability and Transit Services of Rockingham County  ","NC","Healthcare Provider","500","05/15/2019","Hacking/IT Incident","Network Server","No",""
"Youth Opportunity Center, Inc.","IN","Healthcare Provider","1150","05/14/2019","Unauthorized Access/Disclosure","Paper/Films","No",""
"Health Net, LLC.","CA","Health Plan","2404","05/13/2019","Unauthorized Access/Disclosure","Paper/Films","No",""
"Professional Dental Alliance of Florida PLLC d/b/a All Smiles Dentistry","FL","Healthcare Provider","1505","05/13/2019","Unauthorized Access/Disclosure","Desktop Computer, Electronic Medical Record","No",""
"Encompass Family and internal medicine group","CA","Healthcare Provider","26000","05/13/2019","Unauthorized Access/Disclosure","Desktop Computer, Electronic Medical Record","No",""
"Memorial Hermann Health System","TX","Healthcare Provider","604","05/13/2019","Unauthorized Access/Disclosure","Electronic Medical Record, Email","No",""
"Midwest Medical Center","IL","Healthcare Provider","8010","05/10/2019","Hacking/IT Incident","Email","Yes",""
"University Medical Center Physicians","TX","Healthcare Provider","3300","05/10/2019","Unauthorized Access/Disclosure","Network Server, Other","No",""
"Cancer Treatment Centers of America® (CTCA) at Southeastern Regional Medical Center","GA","Healthcare Provider","16819","05/10/2019","Hacking/IT Incident","Email","No",""
"United Seating and Mobility LLC dba Numotion","CT","Healthcare Provider","3578","05/09/2019","Theft","Laptop, Other Portable Electronic Device, Paper/Films","No",""
"Bloodworks Northwest","WA","Healthcare Provider","1893","05/08/2019","Loss","Paper/Films","No",""
"Independent Health Association, Inc.","NY","Health Plan","7605","05/08/2019","Unauthorized Access/Disclosure","Email","No",""
"Inmediata Health Group, Corp.","","Healthcare Clearing House","1565338","05/07/2019","Unauthorized Access/Disclosure","Network Server","No",""
"Hospice Care Plus, Inc.","KY","Healthcare Provider","2000","05/06/2019","Unauthorized Access/Disclosure","Laptop","No",""
"American Indian Health & Services, Inc. ","CA","Healthcare Provider","3784","05/06/2019","Unauthorized Access/Disclosure","Email","No",""
"Community Health Network, Inc.","IN","Healthcare Provider","3600","05/06/2019","Hacking/IT Incident","Email","No",""
"American Medical Response, Inc.","TX","Healthcare Provider","4300","05/06/2019","Hacking/IT Incident","Email","Yes",""
"American Baptist Homes of the Midwest","MN","Healthcare Provider","10993","05/06/2019","Hacking/IT Incident","Email, Network Server","No",""
"Verity Health System of California, Inc.","CA","Business Associate","662","05/03/2019","Hacking/IT Incident","Email","Yes",""
"Kelsey Research Foundation","TX","Business Associate","1228","05/03/2019","Unauthorized Access/Disclosure","Email","Yes",""
"Inspira Behavioral Care, Corp","","Healthcare Provider","4246","05/02/2019","Theft","Desktop Computer","No",""
"The Southeastern Council on Alcoholism and Drug Dependence","CT","Healthcare Provider","25148","05/01/2019","Hacking/IT Incident","Network Server","No",""
"AA OBGYN PLLC","TX","Healthcare Provider","930","04/30/2019","Unauthorized Access/Disclosure","Other","No",""
"The City of Fort Lauderdale","FL","Health Plan","757","04/29/2019","Unauthorized Access/Disclosure","Other","No",""
"Partners In Care","OR","Healthcare Provider","3048","04/26/2019","Hacking/IT Incident","Email","No",""
"Medical Oncology Hematology Consultants, PA","DE","Healthcare Provider","8591","04/26/2019","Hacking/IT Incident","Email","No",""
"Health Care Service Corporation","IL","Health Plan","676","04/24/2019","Unauthorized Access/Disclosure","Other Portable Electronic Device","No",""
"Logansport Memorial Hospital","IN","Healthcare Provider","3568","04/23/2019","Hacking/IT Incident","Email","No",""
"Doctors Management Services, Inc.","MA","Business Associate","206695","04/22/2019","Hacking/IT Incident","Network Server","Yes",""
"LISA ROSE DURSO, M.D. PLLC","NY","Healthcare Provider","537","04/22/2019","Hacking/IT Incident","Network Server","No",""
"Area Agency on Aging and Disabilities of Southwest Washington","WA","Health Plan","7000","04/22/2019","Unauthorized Access/Disclosure","Email","No",""
"EmCare, Inc.","FL","Healthcare Provider","31236","04/20/2019","Hacking/IT Incident","Email","No",""
"Bodybuilding.com LLC, operated by Vitalize, LLC (“Vitalize, LLC”)","ID","Health Plan","3193","04/19/2019","Unauthorized Access/Disclosure","Network Server","No",""
"People, Inc.","NY","Healthcare Provider","970","04/19/2019","Hacking/IT Incident","Email","No",""
"Blue Cross of Idaho Health Service, Inc.","ID","Health Plan","6045","04/19/2019","Unauthorized Access/Disclosure","Other","No",""
"Partners For Quality, Inc. ","PA","Healthcare Provider","3673","04/19/2019","Hacking/IT Incident","Email","No",""
"KIM P. KORNEGAY, DMD","AL","Healthcare Provider","27000","04/19/2019","Theft","Desktop Computer, Electronic Medical Record, Paper/Films","No",""
"AltaMed Health Services Corporation","CA","Healthcare Provider","5500","04/18/2019","Hacking/IT Incident","Network Server","Yes",""
"Pediatric Orthopedic Specialties, PA, dba ActivYouth Orthopaedics","NJ","Healthcare Provider","24176","04/18/2019","Hacking/IT Incident","Network Server","No",""
"Gary W Peer MD","CA","Healthcare Provider","3400","04/18/2019","Hacking/IT Incident","Network Server","No",""
"ELENA MARIA BURUIANA PHYSICIAN P.C.","NY","Healthcare Provider","1308","04/18/2019","Hacking/IT Incident","Network Server","No",""
"Madison Parish Hospital Service District","LA","Healthcare Provider","1436","04/18/2019","Unauthorized Access/Disclosure","Desktop Computer, Email","No",""
"Alana Healthcare","TN","Healthcare Provider","2691","04/18/2019","Hacking/IT Incident","Email","No",""
"Center for Sight & Hearing","IL","Healthcare Provider","5319","04/18/2019","Hacking/IT Incident","Email","No",""
"Centrelake Medical Group, Inc.","CA","Healthcare Provider","197661","04/16/2019","Hacking/IT Incident","Network Server","No",""
"Gardner Family Health Network","CA","Healthcare Provider","5064","04/16/2019","Unauthorized Access/Disclosure","Paper/Films","No",""
"Tower Imaging, LLC","FL","Healthcare Provider","810","04/16/2019","Theft","Laptop","No",""
"Delta Dental of Illinois","IL","Health Plan","5092","04/16/2019","Hacking/IT Incident","Email","No",""
"Minnesota Eye Consultants","MN","Healthcare Provider","4556","04/16/2019","Improper Disposal","Paper/Films","No",""
"National Seating & Mobility, Inc. ","TN","Healthcare Provider","3800","04/15/2019","Hacking/IT Incident","Email","No",""
"Metro Santurce, Inc. d/b/a Hospital Pavia Santurce and Metro Hato Rey, Inc. d/b/a Hospital Pavia Hato Rey","","Healthcare Provider","305737","04/13/2019","Hacking/IT Incident","Network Server","No",""
"Mid-Cities Home Medical Delivery Service, LLC","TX","Healthcare Provider","4000","04/12/2019","Loss","Paper/Films","No",""
"Harbor","OH","Healthcare Provider","2290","04/12/2019","Hacking/IT Incident","Email","No",""
"Questcare Medical Services, PLLC","TX","Healthcare Provider","5573","04/12/2019","Hacking/IT Incident","Email","No",""
"Dakota County","MN","Healthcare Provider","1026","04/12/2019","Hacking/IT Incident","Email","No",""
"Riverplace Counseling Center, Inc.","MN","Healthcare Provider","11639","04/11/2019","Hacking/IT Incident","Network Server","No",""
"Martinsburg VA Medical Center","WV","Healthcare Provider","4882","04/11/2019","Unauthorized Access/Disclosure","Paper/Films","No",""
"Minnesota Department of Human Services","MN","Healthcare Provider","10263","04/09/2019","Hacking/IT Incident","Email","No",""
"Rehabilitation Hospital of Northwest Ohio","OH","Healthcare Provider","1143","04/08/2019","Hacking/IT Incident","Email","No",""
"Weslaco Regional Rehabilitation Hospital","TX","Healthcare Provider","1434","04/08/2019","Hacking/IT Incident","Email","No",""
"Metrocare Services","TX","Healthcare Provider","5290","04/05/2019","Hacking/IT Incident","Email","No",""
"Baystate Health","MA","Healthcare Provider","11658","04/05/2019","Hacking/IT Incident","Email","No",""
"University Hospitals Rainbow Babies & Children's Hospital","OH","Healthcare Provider","838","04/05/2019","Unauthorized Access/Disclosure","Email","No",""
"Gulf Coast Pain Consultants, LLC d/b/a Clearway Pain Solutions Institute","FL","Healthcare Provider","35000","04/05/2019","Unauthorized Access/Disclosure","Electronic Medical Record","No",""
"Health Recovery Services, Inc.","OH","Healthcare Provider","20485","04/05/2019","Unauthorized Access/Disclosure","Network Server","No",""
"Klaussner Furniture Industries, Inc. Employee Benefits Plan (through its sponsor, Klaussner Furniture Industries, Inc.)","NC","Health Plan","9352","04/05/2019","Hacking/IT Incident","Network Server","No",""
"OB Pharmacy","CA","Healthcare Provider","3241","04/03/2019","Hacking/IT Incident","Desktop Computer","No",""
"Oregon Endodontic Group	","OR","Healthcare Provider","2952","04/02/2019","Hacking/IT Incident","Email","No",""
"International Rehabilitative Sciences Inc., dba RS Medical","WA","Healthcare Provider","1911","04/01/2019","Hacking/IT Incident","Email","No",""
"Myriad Genetic Laboratories, Inc.","UT","Healthcare Provider","1719","04/01/2019","Unauthorized Access/Disclosure","Email","No",""
"Regional Health Medical Clinic - Flormann Street","SD","Healthcare Provider","696","04/01/2019","Unauthorized Access/Disclosure","Paper/Films","No",""
"Burrell Behavioral Health","MO","Healthcare Provider","67493","03/29/2019","Hacking/IT Incident","Network Server","Yes",""
"Palmetto Health","SC","Healthcare Provider","23811","03/29/2019","Hacking/IT Incident","Email","No",""
"Women’s Health USA, Inc.","CT","Business Associate","17531","03/29/2019","Hacking/IT Incident","Desktop Computer, Email","Yes",""
"Amerigroup Iowa, Inc.","IA","Business Associate","1191","03/29/2019","Unauthorized Access/Disclosure","Paper/Films","Yes",""
"Main Line Endoscopy Centers","PA","Healthcare Provider","14305","03/29/2019","Hacking/IT Incident","Email","No",""
"David E. Beneson, DPM","MI","Healthcare Provider","12542","03/29/2019","Hacking/IT Incident","Electronic Medical Record, Network Server","No",""
"DePaul","NY","Healthcare Provider","902","03/27/2019","Hacking/IT Incident","Email","No",""
"Northeast Philadelphia Vascular Surgeons, P.C.","PA","Healthcare Provider","8193","03/27/2019","Hacking/IT Incident","Network Server","No",""
"Desert Valley Dental of Glendale","AZ","Healthcare Provider","7500","03/26/2019","Unauthorized Access/Disclosure","Desktop Computer, Network Server, Paper/Films","No",""
"GULFPORT ANESTHESIA SERVICES, PA","MS","Healthcare Provider","20000","03/26/2019","Theft","Other","No",""
"Superior Dental Care Alliance","OH","Business Associate","38260","03/25/2019","Hacking/IT Incident","Email","Yes",""
"Superior Dental Care","OH","Health Plan","38260","03/25/2019","Hacking/IT Incident","Email","No",""
"Mayo Clinic","MN","Healthcare Provider","1902","03/22/2019","Unauthorized Access/Disclosure","Other","No",""
"Human Development Center","MN","Healthcare Provider","1200","03/22/2019","Hacking/IT Incident","Email","No",""
"Oregon Department of Human Services","OR","Business Associate","500","03/22/2019","Hacking/IT Incident","Email","Yes",""
"Navicent Health, Inc.","GA","Healthcare Provider","278016","03/22/2019","Hacking/IT Incident","Email","No",""
"ZOLL Services LLC","PA","Healthcare Provider","277319","03/18/2019","Hacking/IT Incident","Network Server","Yes",""
"Frederick Memorial Hospitial","MD","Healthcare Provider","760","03/18/2019","Hacking/IT Incident","Email","No",""
"L.A. Care Health Plan","CA","Health Plan","1506","03/15/2019","Unauthorized Access/Disclosure","Paper/Films","No",""
"Southern Hills Eye Care","IA","Healthcare Provider","11617","03/15/2019","Unauthorized Access/Disclosure","Network Server","No",""
"LCP Transportation, Inc","IN","Business Associate","54528","03/15/2019","Unauthorized Access/Disclosure","Email","Yes",""
"All Florida Orthopaedics","FL","Healthcare Provider","1700","03/14/2019","Unauthorized Access/Disclosure","Electronic Medical Record","No",""
"Arizona Health Care Cost Containment System","AZ","Health Plan","3146","03/11/2019","Unauthorized Access/Disclosure","Paper/Films","No",""
"Little Rock Cancer Clinic, P.A.","AR","Healthcare Provider","3804","03/11/2019","Hacking/IT Incident","Network Server","No",""
"Equitas Health","OH","Healthcare Provider","569","03/09/2019","Hacking/IT Incident","Email","No",""
"Emerson Hospital","MA","Healthcare Provider","6314","03/08/2019","Unauthorized Access/Disclosure","Other","Yes",""
"Verity Medical Foundation","CA","Healthcare Provider","14894","03/07/2019","Hacking/IT Incident","Email","No",""
"Oklahoma Heart Hospital, LLC","OK","Healthcare Provider","1221","03/07/2019","Theft","Desktop Computer","No",""
"Direct Scripts","OH","Healthcare Provider","9319","03/06/2019","Hacking/IT Incident","Network Server","No",""
"Covenant Care California, LLC, on behalf of relevant affiliated nursing facilities ","CA","Healthcare Provider","7678","03/06/2019","Hacking/IT Incident","Email","No",""
"Maffi Clinics","AZ","Healthcare Provider","10465","03/06/2019","Hacking/IT Incident","Network Server","No",""
"St. Francis Physician Services","SC","Healthcare Provider","32178","03/04/2019","Hacking/IT Incident","Network Server","No",""
"RSC Insurance Brokerage, Inc.","MA","Business Associate","2088","03/01/2019","Theft","Laptop","Yes",""
"Arthritis & Rheumatism Associates, P.C.","MD","Healthcare Provider","500","03/01/2019","Hacking/IT Incident","Electronic Medical Record","No",""
"Rush University Medical Center","IL","Healthcare Provider","44924","02/28/2019","Unauthorized Access/Disclosure","Network Server","Yes",""
"Humana Inc","KY","Health Plan","1447","02/27/2019","Hacking/IT Incident","Network Server","Yes",""
"West Virginia Public Employees Insurance Agency","WV","Health Plan","1400","02/27/2019","Hacking/IT Incident","Network Server","Yes",""
"Molina Healthcare","CA","Health Plan","895","02/22/2019","Hacking/IT Incident","Network Server","Yes",""
"Delaware Guidance Services for Children and Youth, Inc.","DE","Healthcare Provider","50000","02/22/2019","Hacking/IT Incident","Desktop Computer, Electronic Medical Record, Email, Laptop","No",""
"UConn Health","CT","Healthcare Provider","326629","02/21/2019","Hacking/IT Incident","Email","No",""
"Rocky Boy Health Center","MT","Healthcare Provider","6000","02/21/2019","Theft","Other","No",""
"Rutland Hospital, Inc. d/b/a/ Rutland Regional Medical Center  ","VT","Healthcare Provider","72224","02/20/2019","Hacking/IT Incident","Email","No",""
"UW Medicine","WA","Healthcare Provider","973024","02/20/2019","Hacking/IT Incident","Network Server","No",""
"Columbia Surgical Specialist of Spokane","WA","Healthcare Provider","400000","02/18/2019","Hacking/IT Incident","Network Server","No",""
"OneDigital/Digital Insurance, LLC","GA","Business Associate","2763","02/15/2019","Theft","Laptop","Yes",""
"California Physicians' Service d/b/a Blue Shield of California","CA","Health Plan","18416","02/15/2019","Hacking/IT Incident","Network Server","Yes",""
"Kids Central Inc.","FL","Business Associate","3250","02/15/2019","Unauthorized Access/Disclosure","Email","Yes",""
"Memorial Hospital at Gulfport","MS","Healthcare Provider","30642","02/15/2019","Hacking/IT Incident","Email","No",""
"Blue Cross Blue Shield of Massachusetts","MA","Health Plan","1262","02/15/2019","Hacking/IT Incident","Email","Yes",""
"AltaMed Health Services Corporation","CA","Healthcare Provider","6000","02/15/2019","Hacking/IT Incident","Network Server","Yes",""
"Portsmouth Community Health Center","VA","Healthcare Provider","12000","02/14/2019","Hacking/IT Incident","Network Server","No",""
"Rocky Mountain Health Care Services","CO","Healthcare Provider","971","02/11/2019","Hacking/IT Incident","Email","No",""
"Sharecare Health Data Services, LLC","CA","Business Associate","7300","02/11/2019","Hacking/IT Incident","Network Server","Yes",""
"Crawford Wellness Center, Inc","TX","Healthcare Provider","1500","02/11/2019","Theft","Paper/Films","No",""
"Green Ridge Behavioral Health, LLC","MD","Healthcare Provider","14000","02/11/2019","Hacking/IT Incident","Electronic Medical Record, Network Server","No",""
"Kentucky Counseling Center, LLC","KY","Healthcare Provider","16440","02/11/2019","Unauthorized Access/Disclosure","Electronic Medical Record","No",""
"Rush University Medical Center","IL","Healthcare Provider","908","02/11/2019","Unauthorized Access/Disclosure","Paper/Films","No",""
"USR Holdings, LLC","FL","Business Associate","2903","02/08/2019","Hacking/IT Incident","Network Server","Yes",""
"AZ Plastic Surgery Center ","AZ","Healthcare Provider","5524","02/08/2019","Hacking/IT Incident","Network Server","No",""
"AdventHealth Medical Group","FL","Healthcare Provider","42161","02/05/2019","Hacking/IT Incident","Network Server","No",""
"United Hospital District, Inc.","MN","Healthcare Provider","2143","02/04/2019","Hacking/IT Incident","Email","No",""
"Lakeland Care, Inc.","WI","Healthcare Provider","1300","02/04/2019","Hacking/IT Incident","Email","No",""
"Rainbow Dental Care PLLC","TX","Healthcare Provider","10000","02/04/2019","Hacking/IT Incident","Desktop Computer","No",""
"Anesthesia Associates of Kansas City","KS","Healthcare Provider","3472","02/01/2019","Theft","Paper/Films","No",""
"Reproductive Medicine and Infertility Associates, P.A.","MN","Healthcare Provider","40000","02/01/2019","Hacking/IT Incident","Desktop Computer, Network Server","No",""
"CHI - Lakewood Health","MN","Healthcare Provider","885","01/31/2019","Unauthorized Access/Disclosure","Email","No",""
"CVS Pharmacy","RI","Healthcare Provider","5645","01/30/2019","Theft","Paper/Films","Yes",""
"Aetna","CT","Health Plan","2030","01/30/2019","Hacking/IT Incident","Email","Yes",""
"Cambridge Healthcare Services, LLC","CA","Business Associate","10866","01/29/2019","Theft","Laptop","Yes",""
"Roper St. Francis Healthcare","SC","Healthcare Provider","35253","01/29/2019","Hacking/IT Incident","Email","No",""
"Pawnee County Memorial Hospital","NE","Healthcare Provider","7038","01/28/2019","Hacking/IT Incident","Email","No",""
"Verity Health System of California, Inc.  ","CA","Business Associate","2988","01/26/2019","Hacking/IT Incident","Email","Yes",""
"Dr. DeLuca Dr. Marciano & Associates, P.C. ","CT","Healthcare Provider","23578","01/25/2019","Hacking/IT Incident","Desktop Computer, Electronic Medical Record, Network Server","No",""
"Valley Professionals Community Health Center","IN","Healthcare Provider","12029","01/25/2019","Hacking/IT Incident","Email","No",""
"HealthFitness","IL","Business Associate","1808","01/25/2019","Unauthorized Access/Disclosure","Other","Yes",""
"Sunflower State Health Plan","KS","Health Plan","1625","01/25/2019","Unauthorized Access/Disclosure","Other","No",""
"Unum Group, on behalf of its subsidiaries - Unum Life Insurance and Colonial Life & Accident Insurance","TN","Health Plan","532","01/24/2019","Hacking/IT Incident","Email","No",""
"Stonehaven Dental","TX","Healthcare Provider","6289","01/22/2019","Theft","Network Server","No",""
"Critical Care, Pulmonary and Sleep Associates, PLLP","CO","Healthcare Provider","23377","01/21/2019","Hacking/IT Incident","Email","No",""
"Valley Hope Association","KS","Healthcare Provider","70799","01/18/2019","Hacking/IT Incident","Email","No",""
"Tri-Cities Chaplaincy","WA","Healthcare Provider","1086","01/18/2019","Hacking/IT Incident","Email","No",""
"FABEN Obstetrics and Gynecology, LLC","FL","Healthcare Provider","6092","01/18/2019","Hacking/IT Incident","Network Server","No",""
"Integrity, Inc. d/b/a Integrity House","NJ","Healthcare Provider","7206","01/18/2019","Theft","Desktop Computer, Laptop","No",""
"Las Colinas Orthopedic Surgery & Sports Medicine, PA","TX","Healthcare Provider","76000","01/18/2019","Theft","Other Portable Electronic Device","Yes",""
"Humana Inc.","KY","Health Plan","598","01/15/2019","Hacking/IT Incident","Other","No",""
"Premier Specialties, Incorporated","TX","Healthcare Provider","1300","01/14/2019","Unauthorized Access/Disclosure","Paper/Films","No",""
"Sacred Heart Rehabilitation Center","MI","Healthcare Provider","2266","01/10/2019","Unauthorized Access/Disclosure","Email","No",""
"Humana Inc","KY","Health Plan","1211","01/09/2019","Unauthorized Access/Disclosure","Other","Yes",""
"Family Physicians of Winter Park, Inc. ","KY","Healthcare Provider","8429","01/08/2019","Hacking/IT Incident","Email","No",""
"Dermacare Brickell","FL","Healthcare Provider","1800","01/07/2019","Improper Disposal","Paper/Films","No",""
"NORTH ATLANTA MEDICAL CLINIC ","GA","Healthcare Provider","2800","01/06/2019","Hacking/IT Incident","Desktop Computer","No",""
"Managed Health Services","IN","Health Plan","31300","01/03/2019","Hacking/IT Incident","Email","Yes",""
"Managed Health Services","IN","Health Plan","576","01/03/2019","Unauthorized Access/Disclosure","Paper/Films","No",""
"Centerstone Insurance and Financial Services (d/b/a BenefitMall)","TX","Business Associate","111589","01/03/2019","Hacking/IT Incident","Email","Yes",""
"Choice Rehabilitation","MO","Business Associate","4309","12/29/2018","Hacking/IT Incident","Email, Laptop","Yes",""
"Wolverine Solutions Group","MI","Business Associate","48471","12/28/2018","Hacking/IT Incident","Desktop Computer, Network Server","Yes",""
"WEA Insurance Corporation","WI","Health Plan","850","12/27/2018","Hacking/IT Incident","Email","No",""
"Kent County Community Mental Health Authority","MI","Healthcare Provider","2284","12/21/2018","Hacking/IT Incident","Email","No",""
"JAND Inc. d/b/a Warby Parker ","NY","Healthcare Provider","177890","12/20/2018","Hacking/IT Incident","Network Server","No",""
"The Podiatric Offices of Bobby Yee","CA","Healthcare Provider","24000","12/20/2018","Hacking/IT Incident","Desktop Computer, Laptop, Other Portable Electronic Device","No",""
"Dermatologists of Southwest Ohio","OH","Healthcare Provider","733","12/20/2018","Improper Disposal","Paper/Films","No",""
"Virtual Radiologic Professionals, LLC","MN","Healthcare Provider","2568","12/19/2018","Hacking/IT Incident","Other","Yes",""
"Barnes-Jewish Hospital","MO","Healthcare Provider","1643","12/18/2018","Hacking/IT Incident","Network Server","No",""
"University of Vermont Health Network - Elizabethtown Community Hospital","NY","Healthcare Provider","32470","12/17/2018","Hacking/IT Incident","Email","No",""
"Fort Defiance Indian Hospital","AZ","Healthcare Provider","1000","12/17/2018","Hacking/IT Incident","Desktop Computer","No",""
"Ben-Ora, Hansen & Vanesian Imaging, Ltd d/b/a Solis Mammography","AZ","Healthcare Provider","500","12/16/2018","Theft","Desktop Computer","No",""
"Massachusetts General Hospital","MA","Healthcare Provider","588","12/14/2018","Unauthorized Access/Disclosure","Paper/Films","No",""
"Contra Costa Health Plan","CA","Health Plan","862","12/13/2018","Unauthorized Access/Disclosure","Electronic Medical Record, Email","No",""
"Smile Designs by Sandwick ","MN","Healthcare Provider","900","12/13/2018","Hacking/IT Incident","Other","No",""
"Adams County","WI","Healthcare Provider","258120","12/11/2018","Unauthorized Access/Disclosure","Network Server, Other","No",""
"Ramsey County","MN","Healthcare Provider","599","12/11/2018","Hacking/IT Incident","Email","No",""
"Leon A Cohen MM.,PA","FL","Healthcare Provider","2122","12/08/2018","Improper Disposal","Paper/Films","No",""
"Butler County Board of County Commissioners","OH","Health Plan","1912","12/04/2018","Unauthorized Access/Disclosure","Email","No",""
"Georgia Department of Human Services","GA","Business Associate","435339","11/30/2018","Unauthorized Access/Disclosure","Network Server, Other Portable Electronic Device","Yes",""
"Mind and Motion, LLC","GA","Healthcare Provider","16000","11/30/2018","Hacking/IT Incident","Network Server","No",""
"CCRM Dallas-Fort Worth","TX","Healthcare Provider","1117","11/30/2018","Hacking/IT Incident","Email","No",""
"Prairie Fields Family Medicine, PC","NE","Healthcare Provider","6450","11/30/2018","Unauthorized Access/Disclosure","Email","No",""
"OrthoTexas Physicians and Surgeons, PLLC","TX","Healthcare Provider","2172","11/28/2018","Unauthorized Access/Disclosure","Paper/Films","Yes",""
"Steward Medical Group","MA","Healthcare Provider","16276","11/28/2018","Hacking/IT Incident","Network Server","Yes",""
"Cancer Treatment Centers of America (CTCA) at Western Regional Medical Center","AZ","Healthcare Provider","41948","11/26/2018","Hacking/IT Incident","Email","No",""
"Mercy Medical Center- North Iowa","IA","Healthcare Provider","1971","11/26/2018","Unauthorized Access/Disclosure","Electronic Medical Record","No",""
"East End Disability Associates, Inc.","NY","Healthcare Provider","896","11/20/2018","Hacking/IT Incident","Email","No",""
"Episcopal Health Services","NY","Healthcare Provider","218055","11/19/2018","Hacking/IT Incident","Email","No",""
"Inova Health System","VA","Business Associate","857","11/19/2018","Hacking/IT Incident","Electronic Medical Record","Yes",""
"James R. Etzkorn, MD","MO","Healthcare Provider","6845","11/19/2018","Unauthorized Access/Disclosure","Paper/Films","No",""
"HealthEquity, Inc.","UT","Business Associate","165800","11/17/2018","Hacking/IT Incident","Email","Yes",""
"Texas VSI, LLC","TX","Business Associate","500","11/16/2018","Hacking/IT Incident","Network Server","Yes",""
"New York Oncology Hematology, P.C.","NY","Healthcare Provider","128400","11/16/2018","Hacking/IT Incident","Email","No",""
"Center for Vitreo-Retinal Diseases","IL","Healthcare Provider","20371","11/16/2018","Unauthorized Access/Disclosure","Network Server","No",""
"Georgia Spine & Orthopaedics of Atlanta, LLC","GA","Healthcare Provider","7012","11/16/2018","Hacking/IT Incident","Email","No",""
"American Medical Response, Inc.","TX","Healthcare Provider","912","11/09/2018","Hacking/IT Incident","Email","Yes",""
"SUNY Upstate Medical University","NY","Healthcare Provider","1216","11/09/2018","Unauthorized Access/Disclosure","Electronic Medical Record","No",""
"Utah Healing Center","UT","Healthcare Provider","543","11/07/2018","Unauthorized Access/Disclosure","Paper/Films","No",""
"Southwest Washington Regional Surgery Center, LLC","WA","Healthcare Provider","2393","11/06/2018","Hacking/IT Incident","Email","No",""
"FHN Family Counseling Center","IL","Healthcare Provider","4458","11/03/2018","Theft","Laptop","No",""
"Rollins Brook Community Hospital","TX","Healthcare Provider","5019","11/02/2018","Loss","Paper/Films","No",""
"Summit Medical Group","NJ","Healthcare Provider","525","11/02/2018","Loss","Paper/Films","No",""
"Oprex Surgery (Baytown), L.P. d/b/a Altus Baytown Hospital","TX","Healthcare Provider","40000","11/02/2018","Hacking/IT Incident","Desktop Computer, Network Server","No",""
"Inova Health System","VA","Healthcare Provider","12331","11/02/2018","Theft","Electronic Medical Record, Paper/Films","No",""
"Dallas County Mental Health Mental Retardation Center dba Metrocare Services","TX","Healthcare Provider","1804","11/01/2018","Hacking/IT Incident","Email","No",""
"HealthFitness","IL","Business Associate","614","10/28/2018","Unauthorized Access/Disclosure","Other","Yes",""
"Raley's/Bel Air Mart/Nob Hill General Store, Inc.","CA","Healthcare Provider","10124","10/26/2018","Theft","Laptop","No",""
"CNO Financial Group, Inc.","IN","Health Plan","566217","10/25/2018","Unauthorized Access/Disclosure","Other","No",""
"Missouri Department of Mental Health","MO","Healthcare Provider","9000","10/24/2018","Unauthorized Access/Disclosure","Other","Yes",""
"The Children's Hospital of Philadelphia","PA","Healthcare Provider","5368","10/23/2018","Hacking/IT Incident","Email","No",""
"Day Kimball Healthcare","CT","Healthcare Provider","698","10/22/2018","Unauthorized Access/Disclosure","Electronic Medical Record","No",""
"CJ Elmwood Partners, L.P.","IA","Healthcare Provider","22416","10/22/2018","Hacking/IT Incident","Network Server","No",""
"Jones Eye Center, P.C.","IA","Healthcare Provider","39605","10/22/2018","Hacking/IT Incident","Network Server","No",""
"Smith Dental Care","TX","Healthcare Provider","5000","10/17/2018","Hacking/IT Incident","Desktop Computer, Email","No",""
"Yale University","CT","Healthcare Provider","1102","10/17/2018","Unauthorized Access/Disclosure","Paper/Films","No",""
"HealthFitness","IL","Business Associate","550","10/15/2018","Unauthorized Access/Disclosure","Other","Yes",""
"HealthFitness","IL","Business Associate","1332","10/15/2018","Unauthorized Access/Disclosure","Other","Yes",""
"Employees Retirement System of Texas","TX","Health Plan","1248263","10/15/2018","Unauthorized Access/Disclosure","Other","No",""
"FirstCare Health Plans","TX","Health Plan","8056","10/12/2018","Unauthorized Access/Disclosure","Email","No",""
"Indiana University School of Medicine","IN","Healthcare Provider","1431","10/11/2018","Theft","Paper/Films","No",""
"Cigna","CT","Health Plan","3500","10/10/2018","Hacking/IT Incident","Network Server","No",""
"Minnesota Department of Human Services","MN","Health Plan","20800","10/09/2018","Hacking/IT Incident","Email","No",""
"Oklahoma Department of Human Services","OK","Health Plan","813","10/08/2018","Hacking/IT Incident","Paper/Films","Yes",""
"Dr. Robert Carpenter","TX","Healthcare Provider","3000","10/07/2018","Hacking/IT Incident","Network Server","No",""
"Dr. Amy Woodruff","TX","Healthcare Provider","10862","10/07/2018","Hacking/IT Incident","Network Server","No",""
"Northwest Surgical Specialists, P.C. ","WA","Healthcare Provider","2050","10/05/2018","Hacking/IT Incident","Email","No",""
"Gold Coast Health Plan","CA","Business Associate","37005","10/05/2018","Hacking/IT Incident","Email","Yes",""
"National Ambulatory Hernia Institute","CA","Healthcare Provider","15974","10/05/2018","Hacking/IT Incident","Network Server","No",""
"Tillamook Chiropractic, PC","OR","Healthcare Provider","4058","10/03/2018","Hacking/IT Incident","Desktop Computer, Network Server","No",""
"Reichert Prosthetics & Orthotics, LLC","WI","Healthcare Provider","3380","09/28/2018","Theft","Other Portable Electronic Device","Yes",""
"Toyota Industries North America, Inc. as plan sponsor to the Toyota Industries North America, Inc. Welfare Benefit Plan","IN","Health Plan","19320","09/28/2018","Hacking/IT Incident","Email","No",""
"University of Michigan/Michigan Medicine","MI","Healthcare Provider","3624","09/28/2018","Unauthorized Access/Disclosure","Paper/Films","Yes",""
"J&J MEDICAL SERVICE NETWORK INC","TX","Business Associate","2500","09/25/2018","Hacking/IT Incident","Network Server","Yes",""
"Ransom Memorial Hospital ","KS","Healthcare Provider","14329","09/25/2018","Hacking/IT Incident","Email","No",""
"Personal Assistance Services of Colorado, LLC","CO","Healthcare Provider","1839","09/20/2018","Hacking/IT Incident","Email","No",""
"Pulse Systems, Inc.","KS","Business Associate","722","09/19/2018","Unauthorized Access/Disclosure","Paper/Films","Yes",""
"The University of Texas Health Science Center at Houston","TX","Healthcare Provider","500","09/18/2018","Theft","Paper/Films","No",""
"Guardant Health, Inc.","CA","Healthcare Provider","1112","09/14/2018","Hacking/IT Incident","Email","No",""
"Total Diagnostix II, LLC","TX","Healthcare Provider","855","09/12/2018","Unauthorized Access/Disclosure","Network Server","No",""
"Ohio Living","OH","Healthcare Provider","6510","09/07/2018","Hacking/IT Incident","Email","No",""
"Boston Health Care for the Homeless Program","MA","Healthcare Provider","861","09/07/2018","Unauthorized Access/Disclosure","Paper/Films","No",""
"Catholic Charities Neighborhood Services, Inc.","NY","Healthcare Provider","565","09/07/2018","Hacking/IT Incident","Email","No",""
"J.A. Stokes Ltd.","NV","Healthcare Provider","3200","09/05/2018","Hacking/IT Incident","Desktop Computer, Electronic Medical Record, Network Server","No",""
"Nebraska Department of Health and Human Services","NE","Health Plan","516","09/04/2018","Unauthorized Access/Disclosure","Paper/Films","No",""
"Reliable Respiratory","MA","Healthcare Provider","21311","09/01/2018","Hacking/IT Incident","Email","No",""
"Hopebridge","IN","Healthcare Provider","1411","08/31/2018","Hacking/IT Incident","Email","No",""
"United Methodist Homes","NY","Healthcare Provider","843","08/31/2018","Unauthorized Access/Disclosure","Email","No",""
"David G. Simon, DMD, PA, d/b/a Simon Orthodontics","FL","Healthcare Provider","15129","08/31/2018","Hacking/IT Incident","Network Server","No",""
"Family Tree Relief Nursery","OR","Healthcare Provider","2000","08/30/2018","Hacking/IT Incident","Network Server","No",""
"Greigh I. Hirata M.D. Inc, dba. Fetal Diagnostic Institute of the Pacific","HI","Healthcare Provider","40800","08/30/2018","Hacking/IT Incident","Network Server","No",""
"South Alamo Medical Group P.A","TX","Healthcare Provider","2180","08/30/2018","Unauthorized Access/Disclosure","Electronic Medical Record, Email, Laptop, Network Server","No",""
"Crossroads Behavioral Health","IA","Healthcare Provider","5000","08/28/2018","Improper Disposal","Paper/Films","No",""
"Family Medical Group Northeast PC","OR","Healthcare Provider","2077","08/22/2018","Unauthorized Access/Disclosure","Desktop Computer","No",""
"Health Management Concepts, Inc.","FL","Business Associate","502416","08/22/2018","Hacking/IT Incident","Network Server","Yes",""
"Legacy Health","OR","Healthcare Provider","38000","08/20/2018","Hacking/IT Incident","Email","No",""
"Acadiana Computer Systems, Inc.","LA","Business Associate","31151","08/17/2018","Hacking/IT Incident","Email","Yes",""
"Chapman & Chapman, Inc.","OH","Business Associate","2032","08/17/2018","Hacking/IT Incident","Email","Yes",""
"Authentic Recovery Center, LLC","CA","Healthcare Provider","1790","08/17/2018","Hacking/IT Incident","Email","No",""
"University Medical Center Physicians","TX","Healthcare Provider","18500","08/16/2018","Hacking/IT Incident","Email","No",""
"AU Medical Center, INC","GA","Healthcare Provider","417000","08/16/2018","Hacking/IT Incident","Email","No",""
"Gordon Schanzlin New Vision Institute","CA","Healthcare Provider","1130","08/10/2018","Theft","Paper/Films","No",""
"InterAct of Michigan, Inc.","MI","Healthcare Provider","1290","08/07/2018","Hacking/IT Incident","Email","No",""
"CoreLink Administrative Solutions, LLC","ND","Business Associate","1813","08/06/2018","Hacking/IT Incident","Email","Yes",""
"Central Colorado Dermatology, PC","CO","Healthcare Provider","4065","08/03/2018","Hacking/IT Incident","Network Server","No",""
"CoreSource, Inc.","IL","Business Associate","769","08/03/2018","Unauthorized Access/Disclosure","Other","Yes",""
"Lane County Health & Human Services","OR","Healthcare Provider","715","08/01/2018","Loss","Paper/Films","No",""
"SSM Health St. Mary's Hospital - Jefferson City","MO","Healthcare Provider","301000","07/30/2018","Improper Disposal","Paper/Films","No",""
"Iowa Health System d/b/a UnityPoint Health ","IA","Business Associate","1421107","07/30/2018","Hacking/IT Incident","Email","Yes",""
"Ambercare Corporation, Inc.","NM","Healthcare Provider","2284","07/27/2018","Theft","Laptop","No",""
"Institute on Aging","CA","Healthcare Provider","3907","07/20/2018","Hacking/IT Incident","Email","No",""
"Boys Town National Research Hospital","NE","Healthcare Provider","105309","07/20/2018","Hacking/IT Incident","Email","No",""
"NorthStar Anesthesia","TX","Healthcare Provider","19807","07/20/2018","Hacking/IT Incident","Email","No",""
"Orlando Orthopaedic Center","FL","Healthcare Provider","19101","07/20/2018","Unauthorized Access/Disclosure","Network Server","Yes",""
"Fairbanks North Star Borough","AK","Healthcare Provider","6346","07/19/2018","Hacking/IT Incident","Network Server","Yes",""
"Ruben U. Carvajal, MD","NY","Healthcare Provider","3775","07/17/2018","Hacking/IT Incident","Desktop Computer, Electronic Medical Record","No",""
"Sunspire Health ","NJ","Healthcare Provider","6737","07/16/2018","Hacking/IT Incident","Email","No",""
"PA Dept. of Human Services","PA","Healthcare Provider","2130","07/16/2018","Unauthorized Access/Disclosure","Other","No",""
"Rocky Mountain Health Care Services","CO","Healthcare Provider","1087","07/13/2018","Theft","Laptop","No",""
"Alive Hospice","TN","Healthcare Provider","1868","07/13/2018","Hacking/IT Incident","Email","No",""
"Central New York Cardiology","NY","Healthcare Provider","824","07/13/2018","Loss","Paper/Films","No",""
"Billings Clinic","MT","Healthcare Provider","8435","07/13/2018","Hacking/IT Incident","Email","No",""
"Midwestern Regional Medical Center, Inc.","IL","Healthcare Provider","2675","07/12/2018","Unauthorized Access/Disclosure","Other","No",""
"Blue Springs Family Care, P.C.","MO","Healthcare Provider","44979","07/10/2018","Hacking/IT Incident","Electronic Medical Record, Network Server","No",""
"MedEvolve","AR","Business Associate","205434","07/10/2018","Unauthorized Access/Disclosure","Network Server","Yes",""
"GOLDEN HEART ADMINISTRATIVE PROFESSIONALS","AK","Business Associate","44600","07/09/2018","Hacking/IT Incident","Network Server","Yes",""
"Overlake arthritis and Osteoporosis Center","WA","Healthcare Provider","627","07/06/2018","Hacking/IT Incident","Desktop Computer","No",""
"VCU Health System ","VA","Healthcare Provider","4686","07/06/2018","Unauthorized Access/Disclosure","Electronic Medical Record","No",""
"Health Alliance Plan","MI","Health Plan","2814","07/05/2018","Hacking/IT Incident","Desktop Computer, Email","No",""
"Physician Associates, LLC","FL","Healthcare Provider","710","07/03/2018","Unauthorized Access/Disclosure","Other","Yes",""
"Planned Parenthood of the Heartland","IA","Healthcare Provider","515","06/29/2018","Unauthorized Access/Disclosure","Paper/Films","No",""
"Hunt Memorial Hospital District","TX","Healthcare Provider","1887","06/29/2018","Unauthorized Access/Disclosure","Email","No",""
"Arkansas Children's Hospital","AR","Healthcare Provider","4521","06/29/2018","Unauthorized Access/Disclosure","Electronic Medical Record","No",""
"State of Alaska Department of Health and Social Services","AK","Health Plan","501","06/28/2018","Hacking/IT Incident","Desktop Computer, Email","No",""
"Children's Mercy Hospital","MO","Healthcare Provider","1463","06/27/2018","Unauthorized Access/Disclosure","Other","No",""
"Community Cancer Center","IL","Healthcare Provider","500","06/26/2018","Hacking/IT Incident","Desktop Computer, Network Server","No",""
"University of Michigan/Michigan Medicine","MI","Healthcare Provider","871","06/25/2018","Theft","Laptop","No",""
"InfuSystem, Inc.","MI","Healthcare Provider","3882","06/22/2018","Hacking/IT Incident","Email","No",""
"Dean Health Plan","WI","Health Plan","1311","06/15/2018","Unauthorized Access/Disclosure","Paper/Films","No",""
"Gwenn S Robinson MD","NM","Healthcare Provider","2500","06/14/2018","Hacking/IT Incident","Desktop Computer","No",""
"Med Associates, Inc.","NY","Business Associate","276057","06/14/2018","Hacking/IT Incident","Desktop Computer","Yes",""
"Black River Medical Center","MO","Healthcare Provider","13443","06/13/2018","Hacking/IT Incident","Email","No",""
"WellCare Health Plans, Inc.","FL","Health Plan","1101","06/13/2018","Unauthorized Access/Disclosure","Other","Yes",""
"HealthEquity, Inc.","UT","Business Associate","16000","06/12/2018","Hacking/IT Incident","Email","Yes",""
"Denise M. Bowden, LAc","CA","Healthcare Provider","538","06/11/2018","Theft","Desktop Computer","No",""
"Healthland Inc.","MN","Business Associate","614","06/10/2018","Unauthorized Access/Disclosure","Other","Yes",""
"Massac County Surgery Center dba Orthopaedic Institute Surgery Center","IL","Healthcare Provider","2000","06/08/2018","Hacking/IT Incident","Email","No",""
"RISE Wisconsin, Inc.","WI","Healthcare Provider","3731","06/07/2018","Hacking/IT Incident","Network Server","No",""
"Benefit Outsourcing Solutions","MI","Business Associate","1144","06/07/2018","Unauthorized Access/Disclosure","Other","Yes",""
"Florida Agency for Persons with Disabilities","FL","Health Plan","1951","06/01/2018","Unauthorized Access/Disclosure","Email","No",""
"Aflac","GA","Health Plan","10396","05/29/2018","Hacking/IT Incident","Email","Yes",""
"The Trustees of Purdue University","IN","Healthcare Provider","1711","05/25/2018","Hacking/IT Incident","Desktop Computer","No",""
"Aultman Hospital","OH","Healthcare Provider","42625","05/25/2018","Hacking/IT Incident","Email","No",""
"Holland Eye Surgery and Laser Center","MI","Healthcare Provider","42200","05/18/2018","Hacking/IT Incident","Desktop Computer","No",""
"Associates in Psychiatry and Psychology","MN","Healthcare Provider","6546","05/18/2018","Hacking/IT Incident","Network Server","No",""
"Capitol Administrators, Inc","CA","Business Associate","1733","05/11/2018","Hacking/IT Incident","Email","Yes",""
"Boys Town National Research Hospital","NE","","2182","05/09/2018","Hacking/IT Incident","Email","Yes",""
"USACS Management Group, Ltd.","OH","Business Associate","15552","05/08/2018","Hacking/IT Incident","Email","Yes",""
"Cerebral Palsy Research Foundation of Kansas, Inc.","KS","Healthcare Provider","8300","05/08/2018","Unauthorized Access/Disclosure","Network Server","No",""
"Florida Hospital ","FL","Healthcare Provider","12724","05/03/2018","Hacking/IT Incident","Network Server","No",""
"Complete Family Medicine, LLC","NE","Healthcare Provider","1331","04/30/2018","Theft","Laptop, Paper/Films","No",""
"Walgreen Co.","IL","Healthcare Provider","703","04/27/2018","Theft","Paper/Films","No",""
"Knoxville Heart Group, Inc.","TN","Healthcare Provider","15995","04/27/2018","Hacking/IT Incident","Email","No",""
"MedWatch LLC","FL","Business Associate","40621","04/27/2018","Unauthorized Access/Disclosure","Network Server","Yes",""
"Eye Care Surgery Center, Inc. ","LA","Healthcare Provider","2553","04/27/2018","Theft","Laptop","No",""
"Tiger Vision, LLC","LA","Healthcare Provider","2553","04/27/2018","Theft","Laptop","No",""
"Carolina Digestive Health Associates, PA","NC","Healthcare Provider","10988","04/26/2018","Unauthorized Access/Disclosure","Desktop Computer","No",""
"CareFirst BlueCross BlueShield","MD","Health Plan","6200","04/26/2018","Hacking/IT Incident","Email","No",""
"Illinois Department of Healthcare and Family Services","IL","Health Plan","8000","04/26/2018","Unauthorized Access/Disclosure","Paper/Films","No",""
"Scenic Bluffs Health Center Inc","WI","Healthcare Provider","2889","04/24/2018","Hacking/IT Incident","Email","No",""
"Riverside Medical Center","IL","Healthcare Provider","501","04/20/2018","Theft","Desktop Computer, Other","No",""
"Michael Gruber DMD PA","NJ","Healthcare Provider","4624","04/20/2018","Hacking/IT Incident","Desktop Computer, Email, Network Server","No",""
"Center for Orthopaedic Specialists - Providence Medical Institute (PMI)","CA","Healthcare Provider","81550","04/18/2018","Hacking/IT Incident","Network Server","No",""
"Kansas Department for Aging and Disability Services","KS","Healthcare Provider","11000","04/17/2018","Unauthorized Access/Disclosure","Desktop Computer","No",""
"Iowa Health System d/b/a UnityPoint Health","IA","Business Associate","16429","04/16/2018","Hacking/IT Incident","Email","Yes",""
"Athens Heart Center, P.C.","GA","Healthcare Provider","12158","04/16/2018","Hacking/IT Incident","Electronic Medical Record","No",""
"Cornerstone Foot & Ankle","NJ","Healthcare Provider","533","04/16/2018","Unauthorized Access/Disclosure","Email","No",""
"ATI Holdings, LLC and its subsidiaries","IL","Business Associate","1776","04/13/2018","Hacking/IT Incident","Email","Yes",""
"Polk County Health Services, Inc","IA","Health Plan","1071","04/12/2018","Unauthorized Access/Disclosure","Email","No",""
"Atchison Hospital Association","KS","Healthcare Provider","667","04/11/2018","Hacking/IT Incident","Network Server","Yes",""
"Henry Ford Health System","MI","Healthcare Provider","1658","04/10/2018","Loss","Other Portable Electronic Device","No",""
"ViaTech Publishing Solutions, Inc.","MN","Health Plan","896","04/10/2018","Unauthorized Access/Disclosure","Paper/Films","No",""
"ViaTech Publishing Solutions, Inc.","MN","Health Plan","2431","04/10/2018","Unauthorized Access/Disclosure","Paper/Films","No",""
"Walgreen Co.","IL","Healthcare Provider","910","04/06/2018","Theft","Other","No",""
"Guardian Pharmacy of Jacksonville","FL","Healthcare Provider","11521","03/30/2018","Hacking/IT Incident","Email","No",""
"Children’s National Medical Center ","DC","Healthcare Provider","722","03/30/2018","Theft","Laptop","No",""
"Milligan Chiropractic Group, Inc. d/b/a Del Mar Chiropractic Sports Group","CA","Healthcare Provider","2640","03/30/2018","Theft","Laptop","No",""
"NYC Health + Hospitals/Harlem","NY","Healthcare Provider","595","03/29/2018","Theft","Laptop","No",""
"City of Houston Medical Plan","TX","Health Plan","34637","03/22/2018","Theft","Laptop","No",""
"Primary Health Care, Inc.","IA","Healthcare Provider","10313","03/16/2018","Hacking/IT Incident","Email","No",""
"UnitedHealth Group Single Affiliated Covered Entity ","MN","Health Plan","1755","03/15/2018","Unauthorized Access/Disclosure","Paper/Films","No",""
"ATI Holdings, LLC and its subsidiaries ","IL","Healthcare Provider","35136","03/12/2018","Hacking/IT Incident","Email","No",""
"Barnes-Jewish St. Peters Hospital","MO","Healthcare Provider","15046","03/12/2018","Unauthorized Access/Disclosure","Network Server","No",""
"Barnes-Jewish Hospital","MO","Healthcare Provider","18436","03/12/2018","Unauthorized Access/Disclosure","Network Server","No",""
"Front Range Dermatology Associates, P.C.","CO","Healthcare Provider","1070","03/07/2018","Unauthorized Access/Disclosure","Electronic Medical Record, Email, Laptop","No",""
"John J. Pershing VA Medical Center","MO","Healthcare Provider","1843","03/07/2018","Unauthorized Access/Disclosure","Paper/Films","No",""
"Esther V. Rettig, M.D., P.A.","KS","Healthcare Provider","13500","03/01/2018","Hacking/IT Incident","Desktop Computer, Electronic Medical Record, Network Server","No",""
"Florida Agency Persons for Disabilities","FL","Health Plan","63627","03/01/2018","Hacking/IT Incident","Email","No",""
"St. Peter's Ambulatory Surgery Center LLC - d/b/a St. Peter's Surgery & Endoscopy Center","NY","Healthcare Provider","134512","02/28/2018","Hacking/IT Incident","Network Server","No",""
"Union Lake Supermarket, LLC","NJ","Healthcare Provider","9956","02/28/2018","Improper Disposal","Other Portable Electronic Device","No",""
"FastHealth Corporation","AL","Business Associate","1345","02/27/2018","Hacking/IT Incident","Network Server","Yes",""
"Rhode Island Executive Office of Health and Human Services","RI","Health Plan","1100","02/27/2018","Unauthorized Access/Disclosure","Paper/Films","No",""
"QuadMed, LLC (Hillenbrand)","WI","Healthcare Provider","2471","02/26/2018","Unauthorized Access/Disclosure","Electronic Medical Record","No",""
"QuadMed, LLC (Stoughton Trailers)","WI","Healthcare Provider","2834","02/26/2018","Unauthorized Access/Disclosure","Electronic Medical Record","No",""
"Center for Sports Medicine and Orthopedics ","TN","Healthcare Provider","800","02/26/2018","Unauthorized Access/Disclosure","Paper/Films","Yes",""
"Flexible Benefit Service Corporation","IL","Business Associate","5123","02/16/2018","Hacking/IT Incident","Email","Yes",""
"Partners HealthCare System, Inc.","MA","Healthcare Provider","2450","02/05/2018","Hacking/IT Incident","Desktop Computer, Network Server","No",""
"City of Detroit","MI","Healthcare Provider","544","02/05/2018","Loss","Other Portable Electronic Device","No",""
"Children's Mercy Hospital","MO","Healthcare Provider","63049","01/31/2018","Hacking/IT Incident","Email","No",""
"QuadMed, LLC (Whirlpool)","WI","Healthcare Provider","4549","01/29/2018","Unauthorized Access/Disclosure","Electronic Medical Record","No",""
"Decatur County General Hospital","TN","Healthcare Provider","24000","01/26/2018","Hacking/IT Incident","Network Server","No",""
"Onco360 and CareMed Specialty Pharmacy ","KY","Healthcare Provider","53173","01/12/2018","Hacking/IT Incident","Email","No",""
"Palomar Health (Palomar Medical Center (Escondido)","CA","Healthcare Provider","1309","01/08/2018","Unauthorized Access/Disclosure","Electronic Medical Record","No",""
"Oklahoma State University Center for Health Sciences","OK","Healthcare Provider","279865","01/05/2018","Hacking/IT Incident","Network Server","No",""
"Penn Medicine","PA","Healthcare Provider","1050","01/02/2018","Theft","Laptop","No",""
"SSM Health","MO","Healthcare Provider","29579","12/28/2017","Unauthorized Access/Disclosure","Electronic Medical Record","No",""
"Miracle-Ear, Inc. and Amplifon (USA), Inc.","MN","Business Associate","554","12/28/2017","Hacking/IT Incident","Email","Yes",""
"Blue Cross Blue Shield of Massachusetts","MA","Health Plan","1843","12/26/2017","Unauthorized Access/Disclosure","Email","No",""
"MidMichigan Medical Center-Alpena","MI","Healthcare Provider","1900","12/19/2017","Loss","Paper/Films","No",""
"Emory Healthcare  ","GA","Healthcare Provider","24000","12/15/2017","Unauthorized Access/Disclosure","Email","No",""
"Chilton Medical Center","NJ","Healthcare Provider","4600","12/15/2017","Theft","Other Portable Electronic Device","No",""
"NYU School of Medicine - Pediatric Surgery Associates","NY","Healthcare Provider","2158","12/15/2017","Improper Disposal","Paper/Films","No",""
"Pharmacy Innovations","NY","Healthcare Provider","1205","12/12/2017","Hacking/IT Incident","Network Server","No",""
"Franciscan Physician Network of Illinois and Specialty Physicians of Illinois, LLC (formerly known as WellGroup Health Partners, LLC)","IL","Healthcare Provider","22000","12/09/2017","Loss","Paper/Films","No",""
"Columbus Surgery Center, LLC ","NE","Healthcare Provider","7221","12/07/2017","Hacking/IT Incident","Network Server","No",""
"Eye Physicians, P.C.","NE","Healthcare Provider","2620","12/07/2017","Hacking/IT Incident","Network Server","No",""
"Austin Manual Therapy Associates","TX","Healthcare Provider","1750","12/06/2017","Hacking/IT Incident","Laptop, Network Server","No",""
"Bronson Healthcare Group","MI","Healthcare Provider","8256","12/05/2017","Hacking/IT Incident","Email","No",""
"Golden Rule Insurance Company","IN","Health Plan","9305","12/04/2017","Unauthorized Access/Disclosure","Network Server","Yes",""
"Sinai Health System ","IL","Healthcare Provider","11347","12/01/2017","Hacking/IT Incident","Email","No",""
"Henry Ford Health System","MI","Healthcare Provider","43563","12/01/2017","Theft","Email","No",""
"CCRM Minneapolis, P.C.","MN","Healthcare Provider","3280","12/01/2017","Hacking/IT Incident","Network Server","No",""
"Pulmonary Specialists of Louisville, PSC","KY","Healthcare Provider","32000","11/27/2017","Hacking/IT Incident","Electronic Medical Record","No",""
"Metrocare Services","TX","Healthcare Provider","500","11/17/2017","Hacking/IT Incident","Email","No",""
"The Medical College of Wisconsin, Inc.","WI","Healthcare Provider","9500","11/17/2017","Hacking/IT Incident","Email","No",""
"Sports Medicine & Rehabilitation Therapy, Inc.","MA","Healthcare Provider","7000","11/14/2017","Hacking/IT Incident","Network Server","No",""
"Aetna Inc.","CT","Health Plan","1600","11/08/2017","Unauthorized Access/Disclosure","Paper/Films","No",""
"Indiana University Health","IN","Healthcare Provider","1399","11/03/2017","Improper Disposal","Paper/Films","No",""
"Shop-Rite Supermarkets, Incorporated","NY","Healthcare Provider","12172","11/03/2017","Improper Disposal","Other Portable Electronic Device","No",""
"Catholic Charities of the Diocese of Albany","NY","Healthcare Provider","4624","10/27/2017","Hacking/IT Incident","Network Server","No",""
"Cook County Health & Hospitals System","IL","Healthcare Provider","727","10/27/2017","Unauthorized Access/Disclosure","Network Server","Yes",""
"Arch City Dental, LLC - Drs. Baloy and Donatelli","OH","Healthcare Provider","1716","10/26/2017","Unauthorized Access/Disclosure","Email","No",""
"Iowa Department of Human Services","IA","Health Plan","820","10/20/2017","Hacking/IT Incident","Email","No",""
"Bridget P Early MD LLC d/b/a Namaste Health Care","MO","Healthcare Provider","1617","10/12/2017","Hacking/IT Incident","Network Server","No",""
"John Hancock Life Insurance Company (U.S.A.)","MA","Health Plan","1715","10/06/2017","Hacking/IT Incident","Network Server","No",""
"Briggs & Stratton Corporation","WI","Health Plan","12789","09/29/2017","Hacking/IT Incident","Desktop Computer, Laptop, Network Server","No",""
"Riaz Baber, M.D., S.C.","IL","Healthcare Provider","10500","09/28/2017","Unauthorized Access/Disclosure","Paper/Films","No",""
"MN Urology","MN","Healthcare Provider","939","09/18/2017","Unauthorized Access/Disclosure","Email","No",""
"W. W. Grainger, Inc.","IL","Health Plan","1594","09/18/2017","Theft","Laptop","No",""
"The MS Center of Saint Louis and Mercy Clinic Neurology - Town and Country ","MO","Healthcare Provider","1081","09/16/2017","Unauthorized Access/Disclosure","Other","No",""
"AU Medical Center, Inc.","GA","Healthcare Provider","6109","09/15/2017","Hacking/IT Incident","Email","No",""
"Medical Mutual of Ohio","OH","Health Plan","6119","09/15/2017","Unauthorized Access/Disclosure","Email","No",""
"Children's Hospital Colorado","CO","Healthcare Provider","3370","09/08/2017","Hacking/IT Incident","Email","No",""
"Network Health","WI","Health Plan","51232","09/08/2017","Hacking/IT Incident","Email","No",""
"Ridgeview Medical Center","MN","Healthcare Provider","1074","09/08/2017","Unauthorized Access/Disclosure","Email","No",""
"University of Wisconsin - Madison","WI","Healthcare Provider","1000","09/07/2017","Unauthorized Access/Disclosure","Paper/Films","No",""
"CBS Consolidated, Inc.","NE","Business Associate","21856","09/05/2017","Hacking/IT Incident","Network Server","Yes",""
"The Neurology Foundation, Inc.","RI","Healthcare Provider","12861","09/01/2017","Unauthorized Access/Disclosure","Desktop Computer, Electronic Medical Record, Network Server, Other Portable Electronic Device, Paper/Films","No",""
"Aetna Inc.","CT","Health Plan","11887","08/29/2017","Unauthorized Access/Disclosure","Paper/Films","Yes",""
"Kaleida Health","NY","Healthcare Provider","744","08/25/2017","Hacking/IT Incident","Email","No",""
"McLaren Medical Group, Mid-Michigan Physicians Imaging Center","MI","Healthcare Provider","106008","08/24/2017","Hacking/IT Incident","Network Server","No",""
"Centura Health, Mercy Family Medicine","CO","Healthcare Provider","2069","08/16/2017","Loss","Other Portable Electronic Device","No",""
"Salina Family Healthcare Center","KS","Healthcare Provider","77337","08/16/2017","Hacking/IT Incident","Desktop Computer, Electronic Medical Record, Network Server","No",""
"MJHS Home Care","NY","Healthcare Provider","6000","08/11/2017","Hacking/IT Incident","Email","No",""
"Silver Cross Hospital","IL","Healthcare Provider","8862","08/11/2017","Unauthorized Access/Disclosure","Network Server","Yes",""
"Surgical Dermatology Group","AL","Healthcare Provider","14000","08/05/2017","Hacking/IT Incident","Network Server","Yes",""
"Elderplan, Inc. ","NY","Health Plan","22000","08/05/2017","Hacking/IT Incident","Email","No",""
"Spectrum Health System","MI","Healthcare Provider","902","08/03/2017","Theft","Other Portable Electronic Device","No",""
"Bluetail Medical Group","MO","Healthcare Provider","11000","08/02/2017","Hacking/IT Incident","Desktop Computer","No",""
"Daniel Drake Center for Post-Acute Care","OH","Healthcare Provider","4721","08/01/2017","Unauthorized Access/Disclosure","Electronic Medical Record","No",""
"Plastic Surgery Associates of South Dakota","SD","Healthcare Provider","10229","07/27/2017","Hacking/IT Incident","Network Server","No",""
"Anthem, Inc.","IN","Health Plan","18580","07/24/2017","Unauthorized Access/Disclosure","Email","Yes",""
"The University of Vermont Medical Center","VT","Healthcare Provider","2300","07/21/2017","Hacking/IT Incident","Email","No",""
"Kaleida Health","NY","Healthcare Provider","2789","07/21/2017","Hacking/IT Incident","Email","No",""
"Metropolitan Life Insurance Company","NY","Health Plan","4220","07/19/2017","Unauthorized Access/Disclosure","Other","No",""
"Women's Health Care Group of PA, LLC","PA","Healthcare Provider","300000","07/15/2017","Hacking/IT Incident","Desktop Computer, Network Server","No",""
"Detroit Medical Center","MI","Healthcare Provider","1529","07/13/2017","Theft","Desktop Computer, Paper/Films","No",""
"Professional Counseling & Medical Associates","TN","Healthcare Provider","2500","07/13/2017","Hacking/IT Incident","Electronic Medical Record","Yes",""
"Rosalind Franklin University of Medicine ","IL","Healthcare Provider","859","07/09/2017","Hacking/IT Incident","Email","No",""
"Peachtree Neurological Clinic, P.C.","GA","Healthcare Provider","176295","07/07/2017","Hacking/IT Incident","Network Server","No",""
"The Dermatology Center of Raleigh PA","NC","Healthcare Provider","3000","07/05/2017","Unauthorized Access/Disclosure","Email","No",""
"PVHS-ICM Employee Health and Wellness, LLC as covered entity and business associate","CO","Healthcare Provider","10143","07/03/2017","Hacking/IT Incident","Network Server","No",""
