ID,organization,state,industry,exposure,records
ITRC20160105-01,Regional Income Tax Authority,OH,Business,Yes,50000
ITRC20160106-01,Southern New Hampshire University,NH,Education,Yes,140000
ITRC20160108-01,Indiana University Health Arnett Hospital,IN,Medical/Healthcare,Yes,29324
ITRC20160108-03,Fidelis Care,NY,Medical/Healthcare,Yes,738
ITRC20160108-04,Time Warner Cable,TX,Business,Yes,Unknown
ITRC20160111-01,Pittman Family Dental,OH,Medical/Healthcare,Yes,8830
ITRC20160112-01,St. Luke's Cornwall Hospital,NY,Medical/Healthcare,Yes,29156
ITRC20160112-02,"Oceans Acquisition, Inc",TX,Medical/Healthcare,Yes,659
ITRC20160119-01,Blue Shield of California,CA,Medical/Healthcare,Yes,20764
ITRC20160119-02,"HSBC Bank USA, N.A",NY,Banking/Credit/Financial,Yes,Unknown
ITRC20160119-03,RateMyProfessors.com,NY,Business,Yes,Unknown
ITRC20160119-04,JB Autosports,IA,Business,Yes,1000
ITRC20160119-05,"TaxAct / Blucora, Inc",IA,Business,Yes,450
ITRC20160119-06,New West Health Services,MT,Medical/Healthcare,Yes,28209
ITRC20160119-07,Brigham and Women's Hospital,MA,Medical/Healthcare,Yes,1009
ITRC20160119-08,Allina Health,MN,Medical/Healthcare,Yes,6195
ITRC20160119-09,WhiteGlove Health,TX,Medical/Healthcare,Yes,975
ITRC20160120-01,Credit Union of the Berkshires,MA,Banking/Credit/Financial,Yes,2200
ITRC20160120-02,Rockland Trust,MA,Banking/Credit/Financial,Yes,2182
ITRC20160120-03,Mrs. Fields Gifts,CO,Business,Yes,1769
ITRC20160120-04,Anna Maria College,ME,Education,Yes,1161
ITRC20160120-05,Bevo POS,FL,Business,Yes,799
ITRC20160120-07,Fitchburg State University,ME,Education,Yes,393
ITRC20160121-02,Elite Imaging,FL,Medical/Healthcare,Yes,1457
ITRC20160122-01,Blue Dolphin,CT,Business,Yes,Unknown
ITRC20160122-02,University of Virginia,VA,Education,Yes,1400
ITRC20160126-02,"Kicky Pants, Inc",CA,Business,Yes,Unknown
ITRC20160126-03,"RealSelf, Inc",WA,Business,Yes,Unknown
ITRC20160126-04,HealthEquity,UT,Medical/Healthcare,Yes,Unknown
ITRC20160126-05,"Baileys, Inc",CA,Business,Yes,250000
ITRC20160126-06,Centene,MO,Medical/Healthcare,Yes,950000
ITRC20160126-07,Hudson City School District,NY,Education,Yes,Unknown
ITRC20160126-08,Lawrence Public Schools,MA,Education,Yes,Unknown
ITRC20160201-01,Neiman Marcus Group,TX,Business,Yes,5200
ITRC20160201-02,TaxSlayer,GA,Business,Yes,8800
ITRC20160201-03,LifeSafer,OH,Business,Yes,Unknown
ITRC20160201-04,Alba Botanica,NY,Business,Yes,Unknown
ITRC20160201-05,Wendy's,OH,Business,Yes,Unknown
ITRC20160201-06,NCH Healthcare System,FL,Medical/Healthcare,Yes,Unknown
ITRC20160201-07,"Livongo Health, Inc",IL,Medical/Healthcare,Yes,1950
ITRC20160201-08,"G & S Medical Associates, LLC",NJ,Medical/Healthcare,Yes,3000
ITRC20160201-09,AHRC Nassau,NY,Medical/Healthcare,Yes,1200
ITRC20160201-10,Wayne Memorial Hospital,PA,Medical/Healthcare,Yes,390
ITRC20160201-11,Louisiana Healthcare Connections,LA,Medical/Healthcare,Yes,13086
ITRC20160201-12,Florida International University,FL,Education,Yes,Unknown
ITRC20160201-13,cPanel,TX,Business,Yes,Unknown
ITRC20160201-14,Shannon Tax & Business Services,NM,Business,Yes,Unknown
ITRC20160202-01,International Alliance of Theatrical Stage Employees #,CA,Business,Yes,Unknown
ITRC20160202-02,Hawaii Medical Service Association,HI,Medical/Healthcare,Yes,10179
ITRC20160202-03,Crown Point Health Center,IN,Medical/Healthcare,Yes,1854
ITRC20160203-01,"Richardson & Company, P.C",MA,Business,Yes,Unknown
ITRC20160203-02,Crest Foods,OK,Business,Yes,Unknown
ITRC20160203-03,Berks & Beyond Employment Services,PA,Business,Yes,Unknown
ITRC20160204-01,Medicap Pharmacy,IA,Medical/Healthcare,Yes,2300
ITRC20160204-02,University of Central Florida,FL,Education,Yes,63000
ITRC20160204-03,"Phillip Capital, Inc",IL,Business,Yes,Unknown
ITRC20160204-04,Oak Hill Citgo Gas & Convenience,ME,Business,Yes,Unknown
ITRC20160204-05,"Clarks Americas, Inc",MA,Business,Yes,Unknown
ITRC20160205-01,Borgess Rheumatology,MI,Medical/Healthcare,Yes,700
ITRC20160205-02,Oakmont High School,CA,Education,Yes,356
ITRC20160205-03,Department of Human Resource Management,VA,Government/Military,Yes,Unknown
ITRC20160208-01,GYFT,CA,Business,Yes,Unknown
ITRC20160208-02,"Baja Bound Insurance Services, Inc",CA,Business,Yes,Unknown
ITRC20160208-03,University of Mary Washington,VA,Education,Yes,4100
ITRC20160209-01,Department of Homeland Security / FBI,DC,Government/Military,Yes,Unknown
ITRC20160209-02,"Seim Johnson, LLP",NE,Medical/Healthcare,Yes,30972
ITRC20160210-01,Washington State Health Authority (HCA) / Medicaid,WA,Medical/Healthcare,Yes,91187
ITRC20160211-01,"Brightview (formerly Brickman Group, Ltd. LLC)",MD,Business,Yes,730
ITRC20160211-02,Superior Labels / RubberStamps.Net,IA,Business,Yes,7000
ITRC20160211-03,Capezio,NY,Business,Yes,Unknown
ITRC20160211-04,Jackson Health System,FL,Medical/Healthcare,Yes,24188
ITRC20160211-05,Oregon Health & Science University,OR,Education,Yes,Unknown
ITRC20160212-02,University of Texas System Administration,TX,Education,Yes,794
ITRC20160212-03,DC Public School District,DC,Education,Yes,12000
ITRC20160216-02,Magnolia Health Corporation,CA,Medical/Healthcare,Yes,Unknown
ITRC20160216-03,Kankakee Valley REMC (Rutherford Electric Membersh,IN,Business,Yes,17700
ITRC20160216-04,Vidant Health,NC,Medical/Healthcare,Yes,897
ITRC20160216-05,Dallas County,TX,Government/Military,Yes,Unknown
ITRC20160217-02,Calpine Corporation,TX,Business,Yes,Unknown
ITRC20160218-01,Polycom,CA,Business,Yes,Unknown
ITRC20160218-02,Shire Human Genetic Therapies,MA,Medical/Healthcare,Yes,Unknown
ITRC20160218-03,IRS,DC,Government/Military,Yes,101000
ITRC20160222-01,uKnowKids,VA,Business,Yes,1740
ITRC20160222-02,"DataStat, Inc",MI,Medical/Healthcare,Yes,552
ITRC20160222-03,Rite Aid Store #01617,NY,Medical/Healthcare,Yes,976
ITRC20160223-01,Saint Joseph's Healthcare System,NJ,Medical/Healthcare,Yes,5924
ITRC20160223-02,United Medical / Lincare Inc,FL,Medical/Healthcare,Yes,278
ITRC20160223-03,EWTN Global Catholic Network,AL,Business,Yes,425
ITRC20160223-04,"Incipio, LLC",CA,Business,Yes,Unknown
ITRC20160224-01,Jacksonville State University,AL,Education,Yes,Unknown
ITRC20160225-01,York Hospital,ME,Medical/Healthcare,Yes,1400
ITRC20160225-02,Bay Area Chiropractic Center,OR,Medical/Healthcare,Yes,Unknown
ITRC20160225-03,Rightside,WA,Business,Yes,Unknown
ITRC20160225-04,"Mercy Housing, Inc. / Mercy Housing Managament Gro",CO,Business,Yes,Unknown
ITRC20160226-01,"Sterbick & Associates, P.S",WA,Business,Yes,Unknown
ITRC20160226-02,University of California Berkeley,CA,Education,Yes,80000
ITRC20160226-03,Coast Central Credit Union,CA,Banking/Credit/Financial,Yes,Unknown
ITRC20160226-04,Valley Hope Association,KS,Medical/Healthcare,Yes,52076
ITRC20160226-05,"Office of Allen Park, Attorney",MI,Business,Yes,Unknown
ITRC20160229-01,Vancouver Radiologists,WA,Medical/Healthcare,Yes,603
ITRC20160301-01,"BJC Healthcare ACO, LLC",MO,Medical/Healthcare,Yes,2393
ITRC20160301-02,TN Marketing,MN,Business,Yes,13118
ITRC20160301-03,Snapchat,CA,Business,Yes,Unknown
ITRC20160301-04,Montgomery County School System / WestEd,DC,Education,Yes,Unknown
ITRC20160301-05,FHN Memorial Hospital,IL,Medical/Healthcare,Yes,Unknown
ITRC20160302-01,Central Concrete Supply Co,CA,Business,Yes,Unknown
ITRC20160303-01,Pharm-Olam International,TX,Business,Yes,Unknown
ITRC20160303-02,Robert Rauschenberg Foundation,NY,Business,Yes,Unknown
ITRC20160303-03,Eye Institute of Corpus Christi / Dr. Ravi Krishnan,TX,Medical/Healthcare,Yes,43961
ITRC20160303-04,Main Line Health,PA,Medical/Healthcare,Yes,11000
ITRC20160303-05,Nintendo Health Plan / Premera,WA,Medical/Healthcare,Yes,6248
ITRC20160303-06,"Wal-Mart Stores, Inc. (Pharmacy)",AR,Medical/Healthcare,Yes,4800
ITRC20160303-07,Cox Communications,GA,Business,Yes,Unknown
ITRC20160303-08,Illinois State University,IL,Education,Yes,Unknown
ITRC20160303-09,"AmeriPride Services, Inc",MN,Business,Yes,Unknown
ITRC20160303-10,"Actifio, Inc",MA,Business,Yes,Unknown
ITRC20160304-01,Rosen Hotels and Resorts,FL,Business,Yes,Unknown
ITRC20160304-02,Evening Post Industries,SC,Business,Yes,2314
ITRC20160304-03,Billy Casper Golf,VA,Business,Yes,8176
ITRC20160307-01,"Public Health Trust of Miami-Dade,",FL,Medical/Healthcare,Yes,24188
ITRC20160307-02,Roark's Pharmacy,TN,Medical/Healthcare,Yes,2393
ITRC20160307-03,Freeport Memorial Hospital,IL,Medical/Healthcare,Yes,1349
ITRC20160307-04,21st Century Oncology,FL,Medical/Healthcare,Yes,2213597
ITRC20160307-05,Department of Human Services - Iowa,IA,Government/Military,Yes,425
ITRC20160307-06,City of Hope Hospital,CA,Medical/Healthcare,Yes,1024
ITRC20160307-07,Seagate,CA,Business,Yes,8292
ITRC20160307-08,Mansueto Ventures Inc. / Fast Company magazines,NY,Business,Yes,Unknown
ITRC20160307-09,Luzerne County Community College,PA,Education,Yes,Unknown
ITRC20160308-01,Premier Healthcare,IN,Medical/Healthcare,Yes,205748
ITRC20160308-02,Blue Cross Blue Shield - South Carolina,SC,Medical/Healthcare,Yes,998
ITRC20160308-03,Turner Construction Company,NY,Business,Yes,9841
ITRC20160308-04,Microf LLC,GA,Business,Yes,Unknown
ITRC20160308-05,Adreima,IL,Business,Yes,Unknown
ITRC20160308-06,"GCI / General Communication, Inc",AK,Business,Yes,Unknown
ITRC20160314-01,1-800-Flowers.com,NY,Business,Yes,Unknown
ITRC20160314-02,"Mitchell International, Inc",CA,Business,Yes,1648
ITRC20160315-01,Laborers Funds Administrative Office of Northern Calif,CA,Business,Yes,2373
ITRC20160315-02,Care.com,MA,Business,Yes,Unknown
ITRC20160315-03,Matrix North American Construction,IL,Business,Yes,4650
ITRC20160315-04,Information Innovators Inc,VA,Business,Yes,Unknown
ITRC20160315-05,Lewis Kisch and Associates Ltd,MN,Business,Yes,Unknown
ITRC20160315-06,Applied Systems,IL,Business,Yes,1206
ITRC20160315-07,Karmanos Cancer Center,MI,Medical/Healthcare,Yes,2808
ITRC20160315-08,MROStop LLC,NC,Business,Yes,Unknown
ITRC20160315-09,University Hospitals Geauga Medical Center,OH,Medical/Healthcare,Yes,677
ITRC20160315-10,Endologix,CA,Medical/Healthcare,Yes,Unknown
ITRC20160315-11,DataXu,MA,Business,Yes,318
ITRC20160315-12,"Acronis, Inc",MA,Business,Yes,Unknown
ITRC20160315-13,Lakes Region Scholarship Foundation,NH,Education,Yes,2047
ITRC20160315-14,GreenShades / Multiple entities,FL,Business,Yes,Unknown
ITRC20160315-15,LAZ Parking,CT,Business,Yes,14000
ITRC20160318-01,PerkinElmer,AL,Business,Yes,2738
ITRC20160321-01,Centers Plan for Healthy Living,NY,Medical/Healthcare,Yes,6893
ITRC20160321-02,"Office of Elliot J. Martin Chiropractic,",NY,Medical/Healthcare,Yes,1200
ITRC20160321-03,Virtua Medical Group,NJ,Medical/Healthcare,Yes,1654
ITRC20160321-04,Locust Fork Pharmacy,AL,Medical/Healthcare,Yes,5000
ITRC20160321-05,Lakewood Hills Internal Medicine / Felicia Lewis”,TX,Medical/Healthcare,Yes,1500
ITRC20160321-06,"WorkCare, Inc",CA,Business,Yes,Unknown
ITRC20160321-07,SevOne,MA,Business,Yes,Unknown
ITRC20160321-08,Advance Auto Parts,VA,Business,Yes,Unknown
ITRC20160321-09,Sequoia Union High School District,CA,Education,Yes,Unknown
ITRC20160321-10,SalientCRGT,VA,Business,Yes,1192
ITRC20160321-11,"Foss Manufacturing Company, LLC",NH,Business,Yes,Unknown
ITRC20160321-12,Moneytree,WA,Business,Yes,Unknown
ITRC20160321-13,Springfield City Utilities,MO,Business,Yes,1000
ITRC20160321-14,Pulaski County Special School District,AR,Education,Yes,2602
ITRC20160322-01,"ConvaTec, Inc",NJ,Business,Yes,Unknown
ITRC20160322-02,Sprouts,AZ,Business,Yes,21000
ITRC20160322-03,Grand Street Medical Associates,NY,Medical/Healthcare,Yes,Unknown
ITRC20160322-04,Illinois Valley Podiatry Group / Bizmatics,IL,Medical/Healthcare,Yes,26588
ITRC20160322-05,Complete Family Foot Care / Bizmatics,NE,Medical/Healthcare,Yes,5883
ITRC20160322-06,"eClinical Works, LLC",MA,Medical/Healthcare,Yes,Unknown
ITRC20160322-07,"Lanyon Solutions, Inc",TX,Business,Yes,Unknown
ITRC20160322-08,SiriusXM,DC,Business,Yes,165
ITRC20160323-01,CareCentrix,CT,Medical/Healthcare,Yes,Unknown
ITRC20160323-02,Dynamic Aviation,VA,Business,Yes,Unknown
ITRC20160324-01,JASACare,NY,Medical/Healthcare,Yes,1154
ITRC20160324-02,Kids Dental Care,CA,Medical/Healthcare,Yes,Unknown
ITRC20160324-03,Lamps Plus / Pacific Coast Lighting,CA,Business,Yes,Unknown
ITRC20160324-04,Abel Womack,MA,Business,Yes,Unknown
ITRC20160324-05,Verizon Enterprise Solutions,NJ,Business,Yes,1500000
ITRC20160324-06,"ISCO Industries, Inc",KY,Business,Yes,180
ITRC20160324-07,Kantar Group (TNS),NY,Business,Yes,28000
ITRC20160324-08,Aspect,AZ,Business,Yes,1300
ITRC20160324-09,Century Fence,WI,Business,Yes,Unknown
ITRC20160324-10,Nation's Lending Corporation,OH,Banking/Credit/Financial,Yes,Unknown
ITRC20160324-11,QTI Group,WI,Business,Yes,Unknown
ITRC20160324-12,Medieval Times,CA,Business,Yes,Unknown
ITRC20160324-13,Netcracker Technology Corporation,MA,Business,Yes,Unknown
ITRC20160325-01,Tidewater Community College,VA,Education,Yes,3193
ITRC20160328-01,Aspiranet,CA,Business,Yes,Unknown
ITRC20160328-02,Mercy Iowa City / Mercy Clinics,IN,Medical/Healthcare,Yes,15625
ITRC20160329-01,Hospital for Special Surgery,NY,Medical/Healthcare,Yes,647
ITRC20160329-02,Office of W. Christopher Bryant DDS,MI,Medical/Healthcare,Yes,2200
ITRC20160329-03,Walgreen Co,IL,Medical/Healthcare,Yes,880
ITRC20160329-04,Mind Springs Health,CO,Medical/Healthcare,Yes,2147
ITRC20160329-05,Ryman Hospitality Properties,TN,Business,Yes,2478
ITRC20160329-06,Community in Action,GA,Business,Yes,Unknown
ITRC20160329-07,Northgate Medical,MA,Medical/Healthcare,Yes,Unknown
ITRC20160401-01,Ullrich Delevati,CA,Business,Yes,Unknown
ITRC20160401-02,"Pivotal Software, Inc",CA,Business,Yes,Unknown
ITRC20160404-01,Trump Hotels,NY,Business,Yes,Unknown
ITRC20160404-02,Blue Chip Dental,MI,Medical/Healthcare,Yes,2200
ITRC20160404-03,MedStar Health,DC,Medical/Healthcare,Yes,Unknown
ITRC20160404-04,Wells Fargo ATMs,CA,Banking/Credit/Financial,Yes,Unknown
ITRC20160404-05,Bozeman Health Deaconness Hospital,MT,Medical/Healthcare,Yes,1124
ITRC20160404-06,Ecolab Health and Welfare Benefits Plan,MN,Medical/Healthcare,Yes,1550
ITRC20160404-07,Group Life Hospital and Medical Program,CT,Medical/Healthcare,Yes,3000
ITRC20160404-08,"Cardiology Associates of Jonesboro, Inc",AR,Medical/Healthcare,Yes,1669
ITRC20160404-09,Val Verde Regional Medical Center,TX,Medical/Healthcare,Yes,2000
ITRC20160405-01,"Information Resources, Inc",IL,Business,Yes,1297
ITRC20160405-02,"Metropolitan Jewish Health System, Inc",NY,Medical/Healthcare,Yes,2483
ITRC20160405-03,"Pointe Medical Services, Inc",FL,Medical/Healthcare,Yes,2000
ITRC20160405-04,"Aurora Health Care, Inc",WI,Medical/Healthcare,Yes,869
ITRC20160405-05,Morton Medical Center PLLC,WA,Medical/Healthcare,Yes,3000
ITRC20160405-06,"ARC International North America, LLC",NJ,Business,Yes,Unknown
ITRC20160405-07,IASIS Healthcare,TN,Medical/Healthcare,Yes,18273
ITRC20160405-08,Champlain Oil,VT,Business,Yes,Unknown
ITRC20160405-09,Traphagen & Traphagen CPAs,NJ,Business,Yes,Unknown
ITRC20160405-10,Mohawk Mountain Ski Area,CT,Business,Yes,Unknown
ITRC20160405-11,Alvarado Hospital Medical Center / Prime Healthcare,CA,Medical/Healthcare,Yes,Unknown
ITRC20160405-12,Kings Daughters Health,IN,Medical/Healthcare,Yes,Unknown
ITRC20160405-13,Indian Health Service  / Norther Navajo Medical Center,NM,Medical/Healthcare,Yes,7421
ITRC20160405-14,Kentucky State University,KY,Education,Yes,1071
ITRC20160406-01,Katherman Kitts & Co,CA,Business,Yes,1407
ITRC20160406-02,Universal Service Administrative Company (USAC),DC,Business,Yes,Unknown
ITRC20160406-03,NRT,NJ,Business,Yes,Unknown
ITRC20160406-04,"Excel Plus Home Health, Inc",TX,Medical/Healthcare,Yes,524
ITRC20160406-05,Lindsay House Surgery Center,NY,Medical/Healthcare,Yes,773
ITRC20160406-06,Escambia County School System,FL,Education,Yes,Unknown
ITRC20160406-07,Norfolk Admirals,VA,Business,Yes,Unknown
ITRC20160408-01,Whiting Turner Contracting Company,MD,Business,Yes,5904
ITRC20160408-02,Wallys Wine and Spirits,CA,Business,Yes,Unknown
ITRC20160408-03,Einstein Health Network,PA,Medical/Healthcare,Yes,2939
ITRC20160411-01,OptumRx,MN,Medical/Healthcare,Yes,6229
ITRC20160411-02,Office of Child Support Enforcement,WA,Government/Military,Yes,5000000
ITRC20160411-03,Randolph College,VA,Education,Yes,100
ITRC20160411-04,Department of Health - Palm Beach County,FL,Government/Military,Yes,1000
ITRC20160411-05,Federal Deposit Insurance Corp. (FDIC),DC,Government/Military,Yes,44000
ITRC20160412-01,Stanford University / Equifax W-2Express,CA,Education,Yes,600
ITRC20160412-02,Bristol Farms,CA,Business,Yes,Unknown
ITRC20160412-03,Staminus Communications,CA,Business,Yes,3338
ITRC20160412-04,"Schwaab, Inc. (Discount Rubber Stamps.com)",WI,Business,Yes,85000
ITRC20160415-01,City of Baltimore,MD,Government/Military,Yes,Unknown
ITRC20160415-02,American College of Cardiology (ACC),DC,Business,Yes,Unknown
ITRC20160418-01,WLNE-TV,RI,Business,Yes,Unknown
ITRC20160418-02,Olympia School District,WA,Education,Yes,2164
ITRC20160418-03,Academy of Art University,NC,Education,Yes,Unknown
ITRC20160418-04,"Examination Management Services, Inc. (EMSI)",TX,Business,Yes,4965
ITRC20160418-05,Town of Essex,VT,Government/Military,Yes,262
ITRC20160418-06,"Girl Scouts of Gulfcoast Florida, Inc",FL,Business,Yes,Unknown
ITRC20160418-07,Atique Orthodontics,TX,Medical/Healthcare,Yes,Unknown
ITRC20160418-08,Money Now,KY,Business,Yes,Unknown
ITRC20160418-09,Asure Software,TX,Business,Yes,Unknown
ITRC20160418-10,Dixie Group,CA,Business,Yes,Unknown
ITRC20160418-11,"Management Health Systems, Inc. dba MedPro Healthc",FL,Medical/Healthcare,Yes,Unknown
ITRC20160418-12,"OnDeck Capital, Inc",NY,Business,Yes,1570
ITRC20160418-13,O'Reilly Media Group,CA,Business,Yes,Unknown
ITRC20160418-14,Proskauer Rose LLP,NY,Business,Yes,Unknown
ITRC20160418-15,"Silicon Laboratories, Inc",TX,Business,Yes,Unknown
ITRC20160418-16,"Office of Virgil Elliot Winn, CPA",SC,Business,Yes,Unknown
ITRC20160418-17,Rockhurst University,MO,Education,Yes,1300
ITRC20160419-01,DoTERRA,UT,Business,Yes,Unknown
ITRC20160419-02,Arlington Public Schools,VA,Education,Yes,Unknown
ITRC20160419-03,CVS Alabama Pharmacy,AL,Medical/Healthcare,Yes,Unknown
ITRC20160420-01,Pain Treatment Centers of America / Interventional Sur,AR,Medical/Healthcare,Yes,19397
ITRC20160420-02,Archdiocese of Denver,CO,Business,Yes,18000
ITRC20160420-03,Convey Health Solutions,FL,Medical/Healthcare,Yes,Unknown
ITRC20160420-04,Clinton Health Access Initiative,MA,Medical/Healthcare,Yes,Unknown
ITRC20160420-05,"InvenSense, Inc",CA,Business,Yes,Unknown
ITRC20160421-01,Oneida Health Center Dental Clinic,WI,Business,Yes,2734
ITRC20160421-02,Lake Pulmonary Critical,FL,Medical/Healthcare,Yes,648
ITRC20160421-03,Florida Department of Health,FL,Government/Military,Yes,1076
ITRC20160421-04,United Community & Family Services,CT,Medical/Healthcare,Yes,1000
ITRC20160421-05,Pacific Gas and Electric Company,CA,Business,Yes,2426
ITRC20160421-06,Target Corporation Health Plan,MN,Medical/Healthcare,Yes,719
ITRC20160421-07,"BioReference Laboratories, Inc",NJ,Medical/Healthcare,Yes,3563
ITRC20160421-08,Sisters of Charity of Leavenworth Health System Healt,CO,Medical/Healthcare,Yes,540
ITRC20160421-09,Vibrant Body Wellness,CA,Medical/Healthcare,Yes,726
ITRC20160421-10,UFC Gym,CA,Business,Yes,Unknown
ITRC20160421-11,"Voya Financial Advisors, Inc",NY,Business,Yes,Unknown
ITRC20160421-12,Wyoming Medical Center,WY,Medical/Healthcare,Yes,3184
ITRC20160425-01,American Fidelity Assurance Company,OK,Medical/Healthcare,Yes,2664
ITRC20160425-02,"Sacred Heart Health System, Inc",FL,Medical/Healthcare,Yes,532
ITRC20160425-03,RMA Medical Centers of Florida,FL,Medical/Healthcare,Yes,3906
ITRC20160425-04,Grand Sierra Resort / (MEI-GSR),NV,Business,Yes,156508
ITRC20160425-05,Kaiser Permanente - Inland Empire,CA,Medical/Healthcare,Yes,2451
ITRC20160425-06,Bowdoin College,ME,Education,Yes,275
ITRC20160425-07,Ash Brokerage Firm,IN,Banking/Credit/Financial,Yes,423
ITRC20160425-08,BackOffice Associates,MA,Business,Yes,Unknown
ITRC20160425-09,Hutchinson Community College,KS,Education,Yes,1357
ITRC20160425-10,General Fasteners Company (MNP),MI,Business,Yes,1505
ITRC20160425-11,"DealerSocket, Inc",CA,Business,Yes,1350
ITRC20160425-12,Morongo Casino,CA,Business,Yes,Unknown
ITRC20160425-13,OpSec,PA,Business,Yes,Unknown
ITRC20160425-14,"Wynden Stark, dba GQR Global Markets/City Internshi",NY,Business,Yes,Unknown
ITRC20160425-15,TMEIC Corporation,VA,Business,Yes,300
ITRC20160426-01,Berkeley Public Schools,CA,Education,Yes,Unknown
ITRC20160426-02,Akron General Edwin Shaw Rehabilitation,OH,Medical/Healthcare,Yes,975
ITRC20160426-03,Spotify,CA,Business,Yes,Unknown
ITRC20160426-04,Fruitful Yeeld,IL,Business,Yes,3921
ITRC20160426-05,Agenus,MA,Business,Yes,Unknown
ITRC20160426-06,Behavioral Science Technology,CA,Business,Yes,Unknown
ITRC20160426-07,"Client Network Services, Inc",MD,Business,Yes,Unknown
ITRC20160426-08,Eastern Benefits Group,MA,Business,Yes,Unknown
ITRC20160426-09,"Landstar System, Inc",FL,Business,Yes,1362
ITRC20160426-10,Mountain Park Health Center,AZ,Medical/Healthcare,Yes,Unknown
ITRC20160426-11,"NetBrain Technologies, Inc",MA,Business,Yes,Unknown
ITRC20160426-12,Seven Hills Foundation,MA,Medical/Healthcare,Yes,Unknown
ITRC20160426-13,TD Bank,NJ,Banking/Credit/Financial,Yes,Unknown
ITRC20160426-14,"Trinity Heating & Air, Inc. dba Trinity Solar",NJ,Business,Yes,1156
ITRC20160427-01,BeautifulPeople,NY,Business,Yes,Unknown
ITRC20160429-01,LuckyPet,WA,Business,Yes,11333
ITRC20160429-02,Advance International Marketing (AIM),NC,Business,Yes,63888
ITRC20160429-03,"Geltrude & Company, LLC",NJ,Business,Yes,Unknown
ITRC20160429-04,GoldKey/PHR,VA,Business,Yes,Unknown
ITRC20160429-05,Michels Corporation,WI,Business,Yes,8161
ITRC20160429-06,Bryant & Stratton College,NY,Education,Yes,Unknown
ITRC20160429-07,American Dental Association (ADA),IL,Business,Yes,Unknown
ITRC20160429-08,Vail Valley,CO,Medical/Healthcare,Yes,3118
ITRC20160429-09,"BloomReach, Inc",CA,Business,Yes,Unknown
ITRC20160429-10,"Gryphon Technologies,",DC,Business,Yes,Unknown
ITRC20160429-11,TTI Floor Care North America,OH,Business,Yes,Unknown
ITRC20160429-12,University of the Southwest,NM,Education,Yes,Unknown
ITRC20160502-01,Solano Community College,CA,Education,Yes,1206
ITRC20160503-01,ProSchools / QuickCert,OR,Education,Yes,Unknown
ITRC20160503-02,South Loop CPA,IL,Business,Yes,Unknown
ITRC20160503-03,EqualizeRCM Services,TX,Medical/Healthcare,Yes,Unknown
ITRC20160503-04,Brunswick Corporation / Mercury Marine,IL,Business,Yes,13000
ITRC20160503-05,"Alpha Payroll Services, LLC",PA,Business,Yes,Unknown
ITRC20160503-06,Florida Hospital Medical Group,FL,Medical/Healthcare,Yes,1906
ITRC20160503-07,Allegheny College,PA,Education,Yes,Unknown
ITRC20160503-08,Brunswick School District,ME,Education,Yes,Unknown
ITRC20160503-09,Meeting Street School,RI,Education,Yes,Unknown
ITRC20160503-10,"Avendra, LLC",MD,Business,Yes,Unknown
ITRC20160503-11,Draper James,TN,Business,Yes,Unknown
ITRC20160503-12,HAECO Americas,NC,Business,Yes,Unknown
ITRC20160503-13,Hi-Tec,CA,Business,Yes,1603
ITRC20160503-14,Home for Little Wanderers,MA,Business,Yes,Unknown
ITRC20160503-15,"MMF Industries (Block and Company, Inc.)",MI,Business,Yes,Unknown
ITRC20160503-16,Smith & Nephew PLC (Blue Belt Technologies),MN,Medical/Healthcare,Yes,Unknown
ITRC20160503-17,Tiger Leasing,NY,Business,Yes,Unknown
ITRC20160503-18,Union League Club of Chicago,IL,Business,Yes,Unknown
ITRC20160503-19,"YourEncore, Inc",IN,Business,Yes,Unknown
ITRC20160504-01,Areas,FL,Business,Yes,4362
ITRC20160504-02,Office of Ken Waterman CPA,CA,Business,Yes,Unknown
ITRC20160504-03,Charles Schwab,CA,Banking/Credit/Financial,Yes,Unknown
ITRC20160505-01,Lafler Moore Connerty & Webb,CA,Business,Yes,Unknown
ITRC20160505-02,Pro Sports Daily,IL,Business,Yes,Unknown
ITRC20160505-03,Hume Lake Christian Camps,CA,Business,Yes,Unknown
ITRC20160505-04,California State University Northridge,CA,Education,Yes,70265
ITRC20160505-05,Saint Agnes Medical Center,CA,Medical/Healthcare,Yes,2812
ITRC20160506-01,Colorado Department of Transportation,CO,Government/Military,Yes,Unknown
ITRC20160506-02,Kroger / Equifax W-2 Express,GA,Business,Yes,431000
ITRC20160509-01,Google,CA,Business,Yes,Unknown
ITRC20160509-02,"Stonebridge Realty Advisors, Inc. / Xebec restaurant",CA,Business,Yes,Unknown
ITRC20160509-03,Bay Area Children's Association,CA,Business,Yes,Unknown
ITRC20160509-04,CertifiKid,MD,Business,Yes,32388
ITRC20160509-05,Sanctuary Clothing,CA,Business,Yes,Unknown
ITRC20160509-06,Nordic Consulting Partners / NavigateHCR,UT,Business,Yes,1209
ITRC20160509-07,Ohio Department of Mental Health and Addiction Servi,OH,Government/Military,Yes,59000
ITRC20160509-08,FDIC #1,DC,Government/Military,Yes,40354
ITRC20160509-09,Palm Beach County School District,FL,Education,Yes,5800
ITRC20160509-10,"Pure Integration, LLC",VA,Business,Yes,Unknown
ITRC20160510-01,New Hampshire Distributors,NH,Business,Yes,Unknown
ITRC20160510-02,Strafaci & Associates,FL,Business,Yes,Unknown
ITRC20160510-03,Mayfield Clinic of Cincinnati,OH,Medical/Healthcare,Yes,23341
ITRC20160510-04,Managed Health Services,IN,Medical/Healthcare,Yes,610
ITRC20160510-05,Northstar Healthcare Acquisitions LLC / Equalize Reve,TX,Medical/Healthcare,Yes,19898
ITRC20160510-06,"Family & Children's Services of Mid Michigan, Inc",MI,Medical/Healthcare,Yes,981
ITRC20160510-09,National Counseling Group,VA,Medical/Healthcare,Yes,23000
ITRC20160510-10,City of Houston,TX,Government/Military,Yes,Unknown
ITRC20160512-01,San Mateo Foster City School District,CA,Education,Yes,Unknown
ITRC20160512-02,Florida Medical Clinic PA / Greenway Health,FL,Medical/Healthcare,Yes,1000
ITRC20160512-03,"Office of Mark Anthony Quintero, MD, LLC / Bizmatics",FL,Medical/Healthcare,Yes,650
ITRC20160512-04,UnityPoint Health / Allen Hospital,IA,Medical/Healthcare,Yes,1620
ITRC20160512-05,Children's National Health System / Ascend Healthcare,DC,Medical/Healthcare,Yes,4107
ITRC20160512-06,Medical Colleagues of Texas,TX,Medical/Healthcare,Yes,68631
ITRC20160512-07,ADP,NJ,Business,Yes,Unknown
ITRC20160513-01,"Office of Lynn N. Talbott, Jr. CPA",CA,Business,Yes,Unknown
ITRC20160513-02,Kalamazoo College,MI,Education,Yes,1634
ITRC20160513-03,Washington Elementary School District Breach,AZ,Education,Yes,Unknown
ITRC20160513-04,Avention (formerly OneSourceSolutions),MA,Business,Yes,Unknown
ITRC20160513-05,Kern County Superintendent of Schools,CA,Education,Yes,2500
ITRC20160513-06,RugDoctor,TX,Business,Yes,Unknown
ITRC20160516-01,City College of San Francisco,CA,Education,Yes,Unknown
ITRC20160516-02,California Correctional Health Care Services,CA,Government/Military,Yes,400000
ITRC20160516-03,NTT Data,TX,Business,Yes,1493
ITRC20160516-04,PruittHealth Home Health - Low Country,SC,Medical/Healthcare,Yes,1500
ITRC20160516-05,Imperial Valley Family Care Medical Group,CA,Medical/Healthcare,Yes,649
ITRC20160516-06,Southern Michigan Bank & Trust,MI,Banking/Credit/Financial,Yes,38601
ITRC20160517-01,"Zocdoc, Inc",NY,Medical/Healthcare,Yes,17000
ITRC20160517-02,Poway Unified School District,CA,Education,Yes,36000
ITRC20160517-03,Bingham Junior Hight,MO,Education,Yes,Unknown
ITRC20160517-04,Digilant,MA,Business,Yes,Unknown
ITRC20160523-01,H&R Block,MO,Business,Yes,Unknown
ITRC20160523-02,"Flurish, Inc. dba LendUp",CA,Business,Yes,Unknown
ITRC20160523-03,Paper Works,CA,Business,Yes,Unknown
ITRC20160523-04,"Conway Group, Inc",MD,Business,Yes,Unknown
ITRC20160524-01,O'Charley's Restaurants,GA,Business,Yes,Unknown
ITRC20160524-02,Noodles & Company,CO,Business,Yes,Unknown
ITRC20160524-03,Complete Chiropractic and Bodywork Therapies,MI,Medical/Healthcare,Yes,4082
ITRC20160524-04,San Juan County,NM,Government/Military,Yes,12500
ITRC20160524-05,Berkeley Endocrine Clinic,CA,Medical/Healthcare,Yes,1370
ITRC20160524-06,"A&A Ready Mixed Concrete, Inc",CA,Business,Yes,Unknown
ITRC20160524-07,"Maritz Holdings, Inc",MO,Business,Yes,1871
ITRC20160524-08,Milwaukee Bucks,WI,Business,Yes,Unknown
ITRC20160524-09,"Puppet, Inc",TX,Business,Yes,Unknown
ITRC20160524-10,El Paso Independent School District,TX,Education,Yes,Unknown
ITRC20160524-11,Comanche County Memorial Hospital / Memorial Medic,OK,Medical/Healthcare,Yes,2199
ITRC20160524-12,ABCya.com,RI,Business,Yes,Unknown
ITRC20160524-13,"Coordinated Health Mutual, Inc",OH,Medical/Healthcare,Yes,591
ITRC20160524-14,Employee Benefits Division,AR,Medical/Healthcare,Yes,2602
ITRC20160524-15,Family Medicine of Weston / Bizmatics,FL,Medical/Healthcare,Yes,500
ITRC20160524-16,Lafayette Pain Care PC Bizmatics,IN,Medical/Healthcare,Yes,7500
ITRC20160524-17,"Southeast Eye Institute, PA dba Associates of Pinellas",FL,Medical/Healthcare,Yes,87314
ITRC20160524-18,UnitedHealth Group Single Affiliated Covered Entity (S,MN,Medical/Healthcare,Yes,5330
ITRC20160525-01,Lewis-Palmer School District 38,CO,Education,Yes,2000
ITRC20160531-01,Associates in EyeCare PSC,KY,Medical/Healthcare,Yes,971
ITRC20160531-02,Surgical Care Affiliates,AL,Medical/Healthcare,Yes,9009
ITRC20160531-03,"Tallahassee Memorial Healthcare, Inc",FL,Medical/Healthcare,Yes,505
ITRC20160531-04,Emergency Medicine Associates (Carondelet)”,AZ,Medical/Healthcare,Yes,1067
ITRC20160531-05,Department of Agriculture,OH,Government/Military,Yes,Unknown
ITRC20160531-06,Macfadden,MD,Business,Yes,Unknown
ITRC20160531-07,Ameris Bank,FL,Banking/Credit/Financial,Yes,Unknown
ITRC20160531-08,Kline Galland / Caroline Kline Galland Home / Galland,WA,Medical/Healthcare,Yes,Unknown
ITRC20160531-09,AIM Inc,IL,Business,Yes,Unknown
ITRC20160601-01,Verity Health System,OR,Medical/Healthcare,Yes,7604
ITRC20160601-02,Shoes West Distribution Inc,CA,Business,Yes,Unknown
ITRC20160601-03,Stamford Podiatry Group / Bizmatics,CT,Medical/Healthcare,Yes,40491
ITRC20160601-04,National Network of Abortion Funds,MA,Business,Yes,Unknown
ITRC20160601-05,Myspace,CA,Business,Yes,Unknown
ITRC20160601-06,Tumblr,NY,Business,Yes,Unknown
ITRC20160601-07,Integrated Health Solutions / Bizmatics,PA,Medical/Healthcare,Yes,19776
ITRC20160601-08,California Health & Longevity Institute / Bizmatics,CA,Medical/Healthcare,Yes,4386
ITRC20160601-09,Washington DC VA Medical Center,DC,Government/Military,Yes,1062
ITRC20160601-10,Keystone Rural Health Consortia,PA,Medical/Healthcare,Yes,800
ITRC20160606-01,ProMedica / Herrick Hospital,MI,Medical/Healthcare,Yes,3472
ITRC20160607-01,"Empathia, Inc",CA,Business,Yes,26446
ITRC20160607-02,Loyola University Medical Center,IL,Medical/Healthcare,Yes,Unknown
ITRC20160607-03,University of New Mexico Hospital,NM,Medical/Healthcare,Yes,2827
ITRC20160607-04,Cambridge Institute of International Education (CIIE),MA,Education,Yes,Unknown
ITRC20160607-05,Pennsylvania State University,PA,Education,Yes,379
ITRC20160607-06,CiCi's Pizza,TX,Business,Yes,Unknown
ITRC20160607-07,Sun Road,FL,Business,Yes,Unknown
ITRC20160607-08,"Orchid MPS Holdings, LLC / Welfare Benefit Plan",MI,Medical/Healthcare,Yes,771
ITRC20160607-09,AFLAC,GA,Medical/Healthcare,Yes,930
ITRC20160607-10,Edwin Shaw Rehabilitation,OH,Medical/Healthcare,Yes,975
ITRC20160607-11,"Northwest Oncology & Hematology, S.C",IL,Medical/Healthcare,Yes,1625
ITRC20160607-12,"Match-Up Solutions, LLC",FL,Business,Yes,3078
ITRC20160607-13,Single Digits,NH,Business,Yes,Unknown
ITRC20160608-01,Concord School District,NH,Education,Yes,Unknown
ITRC20160610-01,State Farm / DAC Group,IL,Business,Yes,7570
ITRC20160614-01,Momentum for Mental Health,CA,Medical/Healthcare,Yes,Unknown
ITRC20160614-02,Acer Service Corporation,TX,Business,Yes,34500
ITRC20160614-03,"Cohen & Grieb, P.A",FL,Business,Yes,Unknown
ITRC20160614-04,"SD Associates, P.C",PA,Business,Yes,Unknown
ITRC20160614-05,Kern County Mental Health Department,CA,Government/Military,Yes,1212
ITRC20160614-06,Vincent Vein Center Grand Junction / Bizmatics,CO,Medical/Healthcare,Yes,2250
ITRC20160614-07,Sutter County Superior Courthouse,CA,Government/Military,Yes,Unknown
ITRC20160614-08,Nationwide Retirement Solutions,OH,Banking/Credit/Financial,Yes,457
ITRC20160614-09,Virginia's State Corporation Commission,VA,Government/Military,Yes,Unknown
ITRC20160614-10,Town of Saugus - Lawsuit Discovery,MA,Government/Military,Yes,1200
ITRC20160614-11,Washington State Liquor and Cannabis Board,WA,Government/Military,Yes,Unknown
ITRC20160614-12,"Office of Allen Dell,",FL,Medical/Healthcare,Yes,2500
ITRC20160614-13,"Quarles & Brady, LLP",WI,Business,Yes,1032
ITRC20160614-14,ARIAD Pharmaceuticals,MA,Medical/Healthcare,Yes,Unknown
ITRC20160614-15,Bucknell University,PA,Education,Yes,Unknown
ITRC20160614-16,EPTAM Plastics,NH,Business,Yes,Unknown
ITRC20160614-17,Primary Residential Mortgage,UT,Banking/Credit/Financial,Yes,2889
ITRC20160615-01,Vermont Department of Fish and Wildlife,VT,Government/Military,Yes,Unknown
ITRC20160615-02,University of Connecticut - School of Engineering,CT,Education,Yes,Unknown
ITRC20160620-01,Multi-Color Corporation,OH,Business,Yes,4602
ITRC20160620-02,Hamilton General Hospital,TX,Medical/Healthcare,Yes,397
ITRC20160620-03,ENT and Allergy Center / BizMatics,AR,Medical/Healthcare,Yes,16200
ITRC20160620-04,Wal-Mart,AR,Medical/Healthcare,Yes,27393
ITRC20160620-05,"Sandler & Travis Trade Advisory Services, LLC",DC,Business,Yes,Unknown
ITRC20160620-06,"TieMart, Inc",IL,Business,Yes,927
ITRC20160620-07,"Grace Primary Care, PC Bizmatics",TN,Medical/Healthcare,Yes,6853
ITRC20160620-08,Vein Doctor / Bizmatics,MO,Medical/Healthcare,Yes,3000
ITRC20160620-09,GoToMyPC,CA,Business,Yes,Unknown
ITRC20160621-01,"Crane Payment Innovations, Inc",PA,Business,Yes,Unknown
ITRC20160621-02,"Massachusetts Eye and Ear Infirmary, Inc",MA,Medical/Healthcare,Yes,Unknown
ITRC20160621-03,Santa Rosa Consulting,CA,Banking/Credit/Financial,Yes,Unknown
ITRC20160621-04,State Farm Mutual Automobile Insurance Company,IL,Business,Yes,Unknown
ITRC20160621-05,Washington Redskins,DC,Business,Yes,Unknown
ITRC20160624-01,Saints Mary and Elizabeth Hospital,KY,Medical/Healthcare,Yes,1682
ITRC20160624-02,Texas Health and Human Resources Commission,TX,Government/Military,Yes,600
ITRC20160627-01,Dignity Health / Mercy Medical Center Redding,CA,Medical/Healthcare,Yes,520
ITRC20160627-02,Hard Rock Hotel & Casino Las Vegas,NV,Business,Yes,Unknown
ITRC20160627-03,"Sageworks, Inc",NC,Business,Yes,Unknown
ITRC20160628-01,SP+ Municipal Services,MD,Business,Yes,Unknown
ITRC20160628-02,"Gamesa Wind US, LLC",PA,Business,Yes,Unknown
ITRC20160628-03,Riverside Health System,VA,Medical/Healthcare,Yes,578
ITRC20160628-04,Benchmark Senior Living,MA,Business,Yes,218
ITRC20160628-05,TD Bank,NJ,Banking/Credit/Financial,Yes,Unknown
ITRC20160628-06,Holley Central School District,NY,Education,Yes,Unknown
ITRC20160705-01,Planned Parenthood of the Heartland,IA,Medical/Healthcare,Yes,2506
ITRC20160705-02,Massachusetts General Hospital / Patterson Dental,MA,Medical/Healthcare,Yes,4293
ITRC20160705-03,Kool Kids Model & Talent Management,CA,Business,Yes,Unknown
ITRC20160705-04,"KontrolFreek, LLC",GA,Business,Yes,Unknown
ITRC20160705-05,Capella University,MN,Education,Yes,Unknown
ITRC20160705-06,"Office of Linda J. White, DDS,",VA,Medical/Healthcare,Yes,2000
ITRC20160705-07,"Allergy, Asthma & Immunology of the Rockies",CO,Medical/Healthcare,Yes,6851
ITRC20160708-01,Omni Hotels and Resorts,TX,Business,Yes,50000
ITRC20160711-01,California Department of Corrections and Rehabilitatio,CA,Government/Military,Yes,Unknown
ITRC20160711-02,PruittHealth Hospice - Beaufort,GA,Medical/Healthcare,Yes,1437
ITRC20160711-03,North Carolina State University,NC,Education,Yes,38976
ITRC20160711-04,"Midland Memorial Hospital / Mario M. Gross, M.D",TX,Medical/Healthcare,Yes,1468
ITRC20160711-05,TD Bank,NJ,Banking/Credit/Financial,Yes,Unknown
ITRC20160712-01,Pennsylvania Department of Revenue,PA,Government/Military,Yes,865
ITRC20160712-02,Ambulatory Surgery Center at St Mary,PA,Medical/Healthcare,Yes,13000
ITRC20160712-04,"Uncommon Care, P.A. / Bizmatics",NC,Medical/Healthcare,Yes,13674
ITRC20160712-05,"Midland Women's Clinic / Mario M. Gross, M.D",TX,Medical/Healthcare,Yes,717
ITRC20160712-06,Laser & Dermatologic Surgery Center,MO,Medical/Healthcare,Yes,31000
ITRC20160712-07,North Ottawa Medical Group / Bizmatics,MI,Medical/Healthcare,Yes,22000
ITRC20160712-08,"My Pediatrician, PA Bizmatics",FL,Medical/Healthcare,Yes,2500
ITRC20160712-09,Arkansas Spine and Pain / Bizmatics,AR,Medical/Healthcare,Yes,17100
ITRC20160719-01,KUSC / University of Southern California / Comnet Mar,CA,Education,Yes,Unknown
ITRC20160719-02,Kaiser Permanente Northern California,CA,Medical/Healthcare,Yes,1136
ITRC20160719-03,Project Management Institute / Comnet Marketing Gro,PA,Business,Yes,9100
ITRC20160719-04,Opes Advisors,CA,Business,Yes,Unknown
ITRC20160719-05,Matador Recordings dba Madador Direct,NY,Business,Yes,Unknown
ITRC20160719-06,North Palm Motors,FL,Business,Yes,22961
ITRC20160719-07,IAP - Ingenuity and Purpose,FL,Business,Yes,4272
ITRC20160719-08,San Antonio Shoemakers (SAS),TX,Business,Yes,50000
ITRC20160719-09,Providence Medical Group - Gateway Clinics,OR,Medical/Healthcare,Yes,5978
ITRC20160719-10,Retirement Systems of Alabama,AL,Government/Military,Yes,Unknown
ITRC20160719-11,Montana Department of Public Health and Human Serv,MT,Government/Military,Yes,185
ITRC20160719-13,"Lasair Aesthetic Health, P.C",CO,Medical/Healthcare,Yes,1835
ITRC20160719-14,"Health Incent, LLC",TN,Medical/Healthcare,Yes,1100
ITRC20160719-15,American Association for the Advancement of Science,DC,Business,Yes,Unknown
ITRC20160719-16,New Hampshire Office of Professional Licensure and,NH,Government/Military,Yes,Unknown
ITRC20160719-17,USA Field Hockey,CO,Business,Yes,Unknown
ITRC20160722-01,Sunbury Plaza Dental,OH,Medical/Healthcare,Yes,7784
ITRC20160722-02,College Hill Health Center,WY,Medical/Healthcare,Yes,Unknown
ITRC20160727-02,U.S. Postal Service,CA,Government/Military,Yes,6240
ITRC20160802-01,Central Ohio Urology Group,OH,Medical/Healthcare,Yes,300000
ITRC20160802-02,American Family Care,AL,Medical/Healthcare,Yes,7200
ITRC20160802-03,Blaine Chiropractic Center,MN,Medical/Healthcare,Yes,1945
ITRC20160802-04,Access Health Care Physicians,FL,Medical/Healthcare,Yes,2500
ITRC20160802-05,Disney Consumer Products / Playdom Forum,CA,Business,Yes,Unknown
ITRC20160802-06,University of Arkansas for Medical Sciences,AR,Medical/Healthcare,Yes,42
ITRC20160802-07,University of North Carolina - Charlotte,NC,Education,Yes,Unknown
ITRC20160802-08,Crozer-Keystone Health System / Center for Minimally I,PA,Medical/Healthcare,Yes,900
ITRC20160802-09,Prosthetic & Orthotic Care,MO,Medical/Healthcare,Yes,23015
ITRC20160802-10,Jefferson Medical Associates,MS,Medical/Healthcare,Yes,10401
ITRC20160802-11,Lifewellness Institute / Bizmatics,CA,Medical/Healthcare,Yes,2473
ITRC20160802-12,Memorial Hermann,TX,Medical/Healthcare,Yes,12061
ITRC20160802-13,Athens Orthopedic Clinic,GA,Medical/Healthcare,Yes,201000
ITRC20160802-14,Midwest Orthopedics Group,MO,Medical/Healthcare,Yes,29153
ITRC20160802-15,Kimpton Hotels,CA,Business,Yes,Unknown
ITRC20160802-16,StarCare Specialty Health System,TX,Medical/Healthcare,Yes,2900
ITRC20160802-17,Premier Family Care / Mario M. Gross M.D,TX,Medical/Healthcare,Yes,1326
ITRC20160802-18,Greenville Health System (Carolina Cardiology) / Ambu,DE,Medical/Healthcare,Yes,2500
ITRC20160802-19,"Caring for Women, P.A",TX,Medical/Healthcare,Yes,697
ITRC20160802-20,"Sunshine State Health Plan, Inc",FL,Medical/Healthcare,Yes,1479
ITRC20160802-21,"Cefalu Eye-Tech of Green, Inc",OH,Medical/Healthcare,Yes,850
ITRC20160802-22,"Heart Center of Southern Maryland, LLP",MD,Medical/Healthcare,Yes,1350
ITRC20160802-23,Office of Ceaton C. Falgiano,NY,Medical/Healthcare,Yes,650
ITRC20160802-24,Democratic Political Organizations,DC,Business,Yes,Unknown
ITRC20160802-26,inVentiv Health,MA,Medical/Healthcare,Yes,14604
ITRC20160802-27,Internet Chess Club,PA,Business,Yes,1651
ITRC20160802-28,American Society of Safety Engineers,IL,Business,Yes,Unknown
ITRC20160802-29,Academy of Nutrition and Dietetics,IL,Business,Yes,Unknown
ITRC20160802-30,NLU Products / BGZ Brands,UT,Business,Yes,114261
ITRC20160802-31,Tax Shack,WA,Business,Yes,Unknown
ITRC20160802-32,Comnet Marketing Group,OR,Business,Yes,Unknown
ITRC20160802-33,Institute of Management Accountants,NJ,Business,Yes,Unknown
ITRC20160805-01,Banner Health,AZ,Medical/Healthcare,Yes,3623140
ITRC20160808-01,Oracle - MICROS,CA,Business,Yes,Unknown
ITRC20160808-02,Newkirk Products,NY,Medical/Healthcare,Yes,3466120
ITRC20160809-01,Travelon,IL,Business,Yes,1672
ITRC20160809-02,MedAltus. LLC,NY,Business,Yes,Unknown
ITRC20160809-03,TD Bank,NJ,Banking/Credit/Financial,Yes,Unknown
ITRC20160809-04,"Professional Dermatology Care",VA,Medical/Healthcare,Yes,13237
ITRC20160809-06,Carle Foundation Hospital,IL,Medical/Healthcare,Yes,1185
ITRC20160809-07,Primoris Services Corporation / Hein & Associates LLP,CO,Business,Yes,Unknown
ITRC20160809-08,"KGA, Inc",MA,Business,Yes,Unknown
ITRC20160809-09,Santander,MA,Banking/Credit/Financial,Yes,Unknown
ITRC20160810-02,FDIC #2,DC,Government/Military,Yes,30000
ITRC20160815-01,"7-Eleven, Inc",CA,Business,Yes,7832
ITRC20160815-02,"Office of Brian Halevie-Goldman,",CA,Medical/Healthcare,Yes,2000
ITRC20160815-03,"PAX Labs, Inc",CA,Business,Yes,6036
ITRC20160815-04,HEI Hotels & Resorts,CT,Business,Yes,Unknown
ITRC20160815-05,Bon Secours Health Systems / R-C Healthcare Manage,MD,Medical/Healthcare,Yes,655203
ITRC20160815-06,Valley Anesthesiology and Pain Consultants,AZ,Medical/Healthcare,Yes,882590
ITRC20160815-07,"Office of John E. Gonzalez, DDS",CA,Medical/Healthcare,Yes,Unknown
ITRC20160815-08,University of Vermont,VT,Education,Yes,Unknown
ITRC20160815-09,Department of State Health Services,TX,Government/Military,Yes,1500
ITRC20160815-10,EXOS (Athletes' Performance),AZ,Medical/Healthcare,Yes,854
ITRC20160815-11,County of Anderson,TN,Government/Military,Yes,1800
ITRC20160816-01,Autism Home Support Services,IL,Medical/Healthcare,Yes,533
ITRC20160816-02,Neurology Physicians LLC,MD,Medical/Healthcare,Yes,4831
ITRC20160816-03,"EBSCO Industries, Inc",AL,Business,Yes,Unknown
ITRC20160816-04,First Home Mortgage Corp,MD,Banking/Credit/Financial,Yes,1300
ITRC20160816-05,FSC Securities Corporation,GA,Banking/Credit/Financial,Yes,Unknown
ITRC20160816-06,Shoppe Designs,CA,Business,Yes,Unknown
ITRC20160817-01,Nevada Department of Transportation,NV,Government/Military,Yes,Unknown
ITRC20160824-01,"Eddie Bauer, LLC",WA,Business,Yes,2192422
ITRC20160824-02,Schwan's,MN,Business,Yes,Unknown
ITRC20160824-03,Dominican Hospital,CA,Medical/Healthcare,Yes,Unknown
ITRC20160824-04,Epic Games,NC,Business,Yes,Unknown
ITRC20160824-05,Washington Department of Fishing & Wildlife / Active,WA,Government/Military,Yes,2435452
ITRC20160824-06,Kentucky Department of Fish & Wildlife,KY,Government/Military,Yes,2126449
ITRC20160824-07,Oregon Department of Fish and Wildlife / Active Netwo,OR,Government/Military,Yes,1195204
ITRC20160824-08,Idaho Department of Fish and Game / Active Network,ID,Government/Military,Yes,788064
ITRC20160824-09,Scan Health Plan,CA,Medical/Healthcare,Yes,87069
ITRC20160824-10,Factory RV Surplus,IN,Business,Yes,8500
ITRC20160824-11,Eastern Carolina Cardiovascular / Outer Banks Hospita,NC,Medical/Healthcare,Yes,1000
ITRC20160824-12,University of New Mexico,NM,Education,Yes,1300
ITRC20160824-13,Rotech Healthcare,FL,Medical/Healthcare,Yes,957
ITRC20160824-14,Center for Neurosurgical and Spinal Disorders,LA,Medical/Healthcare,Yes,1134
ITRC20160824-15,SocialBlade,US,Business,Yes,Unknown
ITRC20160824-16,Orleans Medical Clinic,IN,Medical/Healthcare,Yes,6890
ITRC20160825-01,Penn State Alumni Association / ComNet Marketing,PA,Business,Yes,Unknown
ITRC20160825-02,"Precision Pipeline, LLC",WI,Business,Yes,3675
ITRC20160825-03,DXE Medical,TN,Medical/Healthcare,Yes,Unknown
ITRC20160825-04,Burke Mountain,VT,Business,Yes,Unknown
ITRC20160829-01,Sacramento County,CA,Government/Military,Yes,Unknown
ITRC20160829-02,Toyota Motor Credit Corporation,CA,Business,Yes,8989
ITRC20160829-03,Noble House Hotels & Resorts - Ocean Key Resort & S,WA,Business,Yes,Unknown
ITRC20160829-04,"Liberty Mountain Sports, LLC",UT,Business,Yes,Unknown
ITRC20160829-05,Phoenix Dental Care,TN,Medical/Healthcare,Yes,6441
ITRC20160829-06,Illinois Board of Elections,IL,Government/Military,Yes,Unknown
ITRC20160829-07,Arizona Department of Administration,AZ,Government/Military,Yes,Unknown
ITRC20160830-01,USC Medical Center,CA,Medical/Healthcare,Yes,700
ITRC20160830-02,Appalachian Regional Healthcare,NC,Medical/Healthcare,Yes,Unknown
ITRC20160830-03,Langston Hughes Yong Explorers Academy,NY,Education,Yes,Unknown
ITRC20160830-04,Office of Dr. Richard Boehm,TN,Medical/Healthcare,Yes,500
ITRC20160830-05,Millenium Hotels & Resorts,CO,Business,Yes,Unknown
ITRC20160830-06,Birch Communications,CA,Business,Yes,1913
ITRC20160830-07,Dennis Group,MA,Business,Yes,Unknown
ITRC20160830-08,J. Polep Distribution Services,MA,Business,Yes,Unknown
ITRC20160830-09,W.C. Ralston Architects,VA,Business,Yes,Unknown
ITRC20160906-01,Dropbox,CA,Business,Yes,Unknown
ITRC20160906-02,Medical College of Wisconsin,WI,Medical/Healthcare,Yes,3179
ITRC20160906-03,Hutton Hotel,TN,Business,Yes,Unknown
ITRC20160907-01,Cardiology Associates,MD,Medical/Healthcare,Yes,907
ITRC20160907-02,CHI Franciscan Healthcare Highline Medical Center / R,WA,Medical/Healthcare,Yes,18399
ITRC20160907-03,New York State Psychiatric Institute,NY,Business,Yes,21880
ITRC20160907-04,Planned Parenthood of Greater Washington and North,WA,Medical/Healthcare,Yes,10700
ITRC20160907-05,Village of Oak Park,IL,Medical/Healthcare,Yes,688
ITRC20160907-06,Vulcan Industries,AL,Business,Yes,Unknown
ITRC20160907-07,Stand Up Desk Store (SUDS),AL,Business,Yes,Unknown
ITRC20160907-08,University of Alaska Mat-Su Campus,AK,Education,Yes,5416
ITRC20160908-01,Burrell Behavioral Health,MO,Medical/Healthcare,Yes,7748
ITRC20160908-02,Children's Mercy Hospital,MO,Medical/Healthcare,Yes,238
ITRC20160908-03,U.S. Customs and Border Protection,DC,Government/Military,Yes,5000
ITRC20160908-04,Nourse Farms,MA,Business,Yes,6320
ITRC20160908-05,"Southwest Portland Dental / Patterson Dental Supply, I",OR,Medical/Healthcare,Yes,1980
ITRC20160908-06,"Jerry's Artarama N.C., Inc",NC,Business,Yes,Unknown
ITRC20160908-07,Exterran,TX,Business,Yes,10844
ITRC20160908-08,Merrimack Mortgage,NH,Banking/Credit/Financial,Yes,Unknown
ITRC20160915-01,Yuba Sutter Medical Clinic,CA,Medical/Healthcare,Yes,Unknown
ITRC20160915-02,Wheeler & Egger,CA,Business,Yes,Unknown
ITRC20160915-03,Office of Michelle A. Pecora CPA,OR,Business,Yes,Unknown
ITRC20160919-01,CHI Franciscan Health / St. Clare Hospital / St. Joseph,WA,Medical/Healthcare,Yes,2818
ITRC20160919-02,U.S. Healthworks,CA,Medical/Healthcare,Yes,1400
ITRC20160919-03,"University Gastroenterology, Inc",RI,Medical/Healthcare,Yes,15478
ITRC20160919-04,Geisinger Health Plan,PA,Medical/Healthcare,Yes,2814
ITRC20160919-05,Los Angeles County Department of Health Services,CA,Government/Military,Yes,743
ITRC20160919-06,CalOptima #1,CA,Medical/Healthcare,Yes,1000
ITRC20160919-07,St. Elizabeth Physicians (Summit Medical Group),KY,Medical/Healthcare,Yes,674
ITRC20160919-08,Lulu's Fashion Lounge,CA,Business,Yes,Unknown
ITRC20160919-09,"Office of Pratap S. Kurra, M.D",CA,Medical/Healthcare,Yes,2029
ITRC20160919-10,M Holdings Securities,OR,Banking/Credit/Financial,Yes,19012
ITRC20160919-11,Rebecca Minkoff,NY,Business,Yes,6855
ITRC20160919-12,"Menzies Aviation, Inc. 401(k) plan / Ascensus, Inc",PA,Business,Yes,Unknown
ITRC20160919-13,Ursus Holdings,TX,Business,Yes,Unknown
ITRC20160919-15,Signature Financial,PA,Banking/Credit/Financial,Yes,Unknown
ITRC20160919-16,King of Prussia Dental Associates,PA,Medical/Healthcare,Yes,16228
ITRC20160919-17,Decatur Health Systems,KS,Medical/Healthcare,Yes,707
ITRC20160920-01,Saint Francis Health System,OK,Medical/Healthcare,Yes,6000
ITRC20160920-02,La Joya American Federation of Teachers,TX,Education,Yes,Unknown
ITRC20160920-03,Oconee County,SC,Government/Military,Yes,230
ITRC20160920-04,ClixSense,NC,Business,Yes,Unknown
ITRC20160920-05,"Man Alive, Inc. / Lane Treatment Center",MD,Business,Yes,Unknown
ITRC20160920-06,Hickey Law Firm,FL,Business,Yes,Unknown
ITRC20160920-07,FraserCPA,NJ,Business,Yes,Unknown
ITRC20160920-08,"Masy BioServices / Masy Systems, Inc",MA,Business,Yes,145
ITRC20160920-09,QR Lending,FL,Banking/Credit/Financial,Yes,1487
ITRC20160920-10,UIL Holdings Corporation,CT,Business,Yes,116
ITRC20160922-01,Ventura County Health Care Agency,CA,Government/Military,Yes,777
ITRC20160922-02,KidsPeace,PA,Medical/Healthcare,Yes,1456
ITRC20160922-03,Genghis Grills,TX,Business,Yes,Unknown
ITRC20160923-01,USC Keck Medical Center,CA,Medical/Healthcare,Yes,16000
ITRC20160923-02,"Stallcup & Associates, CPAs",CA,Business,Yes,Unknown
ITRC20160923-03,UC San Diego School of Medicine,CA,Education,Yes,Unknown
ITRC20160923-04,Yahoo,CA,Business,Yes,Unknown
ITRC20160923-05,Napa Valley Dentistry,CA,Medical/Healthcare,Yes,4262
ITRC20160923-06,Premier America Credit Union,CA,Banking/Credit/Financial,Yes,Unknown
ITRC20160923-07,"Office of Hal Meadows, M.D",CA,Medical/Healthcare,Yes,6000
ITRC20160923-08,Codman Square Health Center,MA,Medical/Healthcare,Yes,3840
ITRC20160923-09,Asante Health System,OR,Medical/Healthcare,Yes,2400
ITRC20160923-11,Martin Army Community Hospital,GA,Government/Military,Yes,1000
ITRC20160923-12,Regpack / BlueSnap,CA,Business,Yes,Unknown
ITRC20160923-13,"EMR4all, Inc. / Rehab Billing Solutions",CA,Business,Yes,Unknown
ITRC20160923-14,Freddie Mac,VA,Banking/Credit/Financial,Yes,2361
ITRC20160926-01,Novation Settlement Solutions,FL,Business,Yes,Unknown
ITRC20160927-01,Public Education Employees' Health Insurance Plan,AL,Medical/Healthcare,Yes,1349
ITRC20160927-02,Specialty Equipment Market Association (SEMA) / Com,NJ,Business,Yes,490
ITRC20160927-03,Scentlok Technologies,MI,Business,Yes,1202
ITRC20160927-04,Tully Automotive Group,NH,Business,Yes,Unknown
ITRC20160929-01,Producteev / Jive Software,CA,Business,Yes,Unknown
ITRC20160929-02,Vermont Health Connect #1,VT,Medical/Healthcare,Yes,700
ITRC20160929-03,Santoro CPA / Simplebooks Corp,CT,Business,Yes,Unknown
ITRC20160929-04,New Jersey Spine Center,NJ,Medical/Healthcare,Yes,28308
ITRC20160929-05,Habitat for Humanity of Colorado,CO,Business,Yes,Unknown
ITRC20160929-06,Mastic Beach,NY,Government/Military,Yes,488
ITRC20160929-07,Florida Bar Association,FL,Business,Yes,Unknown
ITRC20161004-01,Winston Dillard School Distric No. 116,OR,Education,Yes,Unknown
ITRC20161004-02,Heritage Medical Partners,SC,Medical/Healthcare,Yes,812
ITRC20161004-03,Jennie Stuart Medical Center,KY,Medical/Healthcare,Yes,1500
ITRC20161004-04,McLaren Greater Lansing Cardiovascular Group,MI,Medical/Healthcare,Yes,1000
ITRC20161004-05,San Juan Oncology Associates,NM,Medical/Healthcare,Yes,500
ITRC20161004-06,Santa Cruz County Health Services Agency,CA,Government/Military,Yes,25000
ITRC20161004-07,Willow Bend Dental,TX,Medical/Healthcare,Yes,625
ITRC20161004-08,US Public Health Service Commissioned Corps,DC,Government/Military,Yes,6600
ITRC20161004-09,Urgent Care Clinic of Oxford,MS,Medical/Healthcare,Yes,64000
ITRC20161004-10,"VF Outlet, Inc",NC,Business,Yes,Unknown
ITRC20161004-11,Prima Medical Foundation / Marin Medical Practices C,CA,Medical/Healthcare,Yes,Unknown
ITRC20161013-01,"Office of Hal Meadows, M.D",CA,Medical/Healthcare,Yes,6000
ITRC20161013-02,Public Health Institute,CA,Business,Yes,Unknown
ITRC20161013-03,"Qvale Auto Group, Inc",CA,Business,Yes,Unknown
ITRC20161013-04,"Vera Bradley, Inc",IN,Business,Yes,Unknown
ITRC20161013-05,Vaupell,WA,Business,Yes,2897
ITRC20161013-07,Vermont Health Connect / WEX / Samanage,CT,Medical/Healthcare,Yes,Unknown
ITRC20161013-08,Group Health Cooperative,WA,Medical/Healthcare,Yes,668
ITRC20161013-09,"Presnell Gage, PLLC",ID,Business,Yes,8724
ITRC20161013-10,Hutchinson Community Foundation,KS,Business,Yes,5500
ITRC20161013-11,Northwest Community Hospital / R-C Healthcare Mana,IL,Medical/Healthcare,Yes,540
ITRC20161013-12,University of Wisconsin HealthCenter,WI,Medical/Healthcare,Yes,6923
ITRC20161013-13,Peachtree Orthopedics,GA,Medical/Healthcare,Yes,531000
ITRC20161013-14,VA Department of Veterans Services / McGuire VA Med,VA,Government/Military,Yes,5051
ITRC20161013-15,Thomasville Eye Center,GA,Medical/Healthcare,Yes,10891
ITRC20161013-16,Marin Healthcare District / Marin Medical Practices,CA,Medical/Healthcare,Yes,2292
ITRC20161013-17,Apria Healthcare,CA,Medical/Healthcare,Yes,1987
ITRC20161013-18,Baxter Healthcare,IL,Medical/Healthcare,Yes,992
ITRC20161013-19,Baxter Regional Medical Center - Home Health Facility,AR,Medical/Healthcare,Yes,2124
ITRC20161013-20,"Office of Francisco Jaume, D.O",AZ,Medical/Healthcare,Yes,14236
ITRC20161013-21,New Horizons Computer Learning Centers South Flori,FL,Education,Yes,Unknown
ITRC20161013-22,HD Vest Investment Services,TX,Banking/Credit/Financial,Yes,Unknown
ITRC20161013-23,MicroDAQ,NH,Business,Yes,Unknown
ITRC20161013-24,TD Bank,NJ,Banking/Credit/Financial,Yes,Unknown
ITRC20161014-01,TD Bank / Santander,MA,Banking/Credit/Financial,Yes,Unknown
ITRC20161014-02,"Hogan Taylor, LLP",OK,Business,Yes,Unknown
ITRC20161014-03,Virginia Premier Health Plan,VA,Business,Yes,Unknown
ITRC20161014-04,Santander,MA,Banking/Credit/Financial,Yes,Unknown
ITRC20161014-05,Washington County Housing and Redevelopment Auth,MD,Business,Yes,Unknown
ITRC20161014-06,"Flynn & Company, Inc. Certified Public Accountants",OH,Business,Yes,Unknown
ITRC20161014-07,Higdon & Hale Certified Public Accountants,KS,Business,Yes,Unknown
ITRC20161014-08,"Quikrete, Inc",CA,Business,Yes,Unknown
ITRC20161014-09,"Rayner, Foos, Kruse and Irwin",OH,Business,Yes,1336
ITRC20161014-10,Pennsylvania Lumbermens Mutual Insurance Compan,PA,Business,Yes,Unknown
ITRC20161014-11,Paul Stuart,NY,Business,Yes,Unknown
ITRC20161014-12,"HSBC Seurities USA, Inc.",NY,Banking/Credit/Financial,Yes,Unknown
ITRC20161014-13,Independent Medical Specialty Dealers Association / S,OH,Business,Yes,Unknown
ITRC20161014-14,National Church Solutions,WV,Business,Yes,Unknown
ITRC20161014-15,Krispy Kreme Donut Corporation,NC,Business,Yes,Unknown
ITRC20161017-01,Katy Independent School District / SunGard K-12,TX,Education,Yes,78000
ITRC20161018-01,Gibson Insurance Agency,IN,Business,Yes,7242
ITRC20161018-02,Peabody Retirement Community,IN,Medical/Healthcare,Yes,1466
ITRC20161018-03,Rainbow Children's Clinic,TX,Medical/Healthcare,Yes,33698
ITRC20161018-04,Warren Clinic,OK,Medical/Healthcare,Yes,2938
ITRC20161018-05,Fred's Stores of Tennessee,TN,Medical/Healthcare,Yes,9624
ITRC20161018-06,CalOptima #2,CA,Medical/Healthcare,Yes,56000
ITRC20161018-07,Integrity Transitional Hospital,TX,Medical/Healthcare,Yes,29514
ITRC20161018-08,"Office of Curtis F. Robinson, MD, Inc. / Marin Medical",CA,Medical/Healthcare,Yes,Unknown
ITRC20161018-09,Broadview Mortgage,CA,Banking/Credit/Financial,Yes,Unknown
ITRC20161018-10,One Nevada Credit Union,NV,Banking/Credit/Financial,Yes,1000
ITRC20161018-11,Noble House - Teton Mountain Lodge & Spa / Hotel Ter,WA,Business,Yes,Unknown
ITRC20161018-12,Liberty Buy Sell,OR,Business,Yes,Unknown
ITRC20161018-13,Borden Perlman Salisbury & Kelly,NJ,Business,Yes,Unknown
ITRC20161018-14,Big Y Foods,CT,Business,Yes,Unknown
ITRC20161018-15,"Chevron USA, Inc",CA,Business,Yes,Unknown
ITRC20161018-16,Delta Career Education Corportation,VA,Education,Yes,4014
ITRC20161019-01,Mercy Hospital and Medical Center,IL,Medical/Healthcare,Yes,547
ITRC20161019-02,National Republican Senatorial Committee (NRSC) /,DC,Business,Yes,Unknown
ITRC20161019-03,Genesis Physical Therapy,CA,Medical/Healthcare,Yes,2245
ITRC20161021-01,Weebly,CA,Business,Yes,Unknown
ITRC20161021-02,Foursquare,NY,Business,Yes,Unknown
ITRC20161021-03,Health Access Network / Lincoln Medical Center,ME,Medical/Healthcare,Yes,17000
ITRC20161021-04,Eastwood Company,PA,Business,Yes,20929
ITRC20161021-05,Florida Hospital Medical Group,FL,Medical/Healthcare,Yes,6786
ITRC20161021-06,Baystate Health,MA,Medical/Healthcare,Yes,13112
ITRC20161021-07,Seattle Indian Health Board,WA,Medical/Healthcare,Yes,793
ITRC20161024-01,"Tricerat, Inc",MD,Business,Yes,Unknown
ITRC20161024-02,Grand Valley State University,MI,Education,Yes,3198
ITRC20161024-03,Tom McLeod Software Corps,AL,Business,Yes,Unknown
ITRC20161024-04,"BioTime, Inc",CA,Medical/Healthcare,Yes,Unknown
ITRC20161024-05,Remedi SeniorCare,MD,Medical/Healthcare,Yes,Unknown
ITRC20161024-06,"Frank Day, CPA LLC",NY,Business,Yes,Unknown
ITRC20161024-07,KRT CPAs,GA,Business,Yes,3793
ITRC20161024-08,Wyndham Vacation Resorts,NJ,Business,Yes,Unknown
ITRC20161024-09,"John J. Capelli, CPA",CA,Business,Yes,Unknown
ITRC20161024-10,Water Environment Federation / Comnet Marketing,VA,Business,Yes,Unknown
ITRC20161024-11,Vacation Express USA Corp,GA,Business,Yes,Unknown
ITRC20161024-12,SportBrella,CA,Business,Yes,Unknown
ITRC20161024-13,"Smith, Patrick LLC",MO,Business,Yes,1649
ITRC20161024-14,Clear One Funding LLP / WWC Capital Group LLC,VA,Banking/Credit/Financial,Yes,Unknown
ITRC20161024-15,New America,CA,Business,Yes,Unknown
ITRC20161024-16,Zero Gravity Solutions,FL,Business,Yes,Unknown
ITRC20161025-01,Silver Creek Physical Therapy Entities,CA,Medical/Healthcare,Yes,Unknown
ITRC20161025-02,TOPCON / Paychex,CA,Business,Yes,Unknown
ITRC20161025-03,City of Middletown,NY,Government/Military,Yes,Unknown
ITRC20161026-01,Cisco Systems,CA,Business,Yes,Unknown
ITRC20161026-02,Medical Marijuana Dispensary,AZ,Business,Yes,Unknown
ITRC20161026-03,Beford County Board of Education,TN,Education,Yes,862
ITRC20161026-04,"Atlanta Falcons Football Club, LLC / NCR Corporation",GA,Business,Yes,975
ITRC20161026-05,Greater Florida Anesthesiologists,FL,Medical/Healthcare,Yes,Unknown
ITRC20161026-06,ParsonsKellogg,RI,Business,Yes,Unknown
ITRC20161026-07,SOS International LLC,NY,Business,Yes,Unknown
ITRC20161027-01,Finley Center for Acupuncture and Naturopathic Medic,NV,Medical/Healthcare,Yes,3000
ITRC20161027-02,Rocky Mountain Credit Union,MT,Banking/Credit/Financial,Yes,Unknown
ITRC20161028-01,Marymount University,VA,Education,Yes,Unknown
ITRC20161028-02,"37th Parallel Properties Investment Group, LLC",VA,Banking/Credit/Financial,Yes,Unknown
ITRC20161028-03,"Napoli Bern Ripka Shkolnik, LLP",NY,Business,Yes,Unknown
ITRC20161028-05,Hill+Knowlton,NY,Business,Yes,592
ITRC20161028-06,Habitat for Humanity,MI,Business,Yes,5500
ITRC20161028-4,"Spectrum, Inc.",CA,Business,Yes,Unknown
ITRC20161031-01,Beyond Yoga,CA,Business,Yes,Unknown
ITRC20161031-02,"Office of Anne M. Cummings, MD, FACP / Marin Medic",CA,Medical/Healthcare,Yes,Unknown
ITRC20161031-03,Politi & Magnifico LLC,CT,Business,Yes,Unknown
ITRC20161031-04,New Leaders,NY,Business,Yes,Unknown
ITRC20161031-05,Office of the Comptroller of the Currency,DC,Government/Military,Yes,10000
ITRC20161031-06,Abernathy & Company,AR,Business,Yes,Unknown
ITRC20161031-07,"Anthelio Healthcare Solutions, Inc",TX,Medical/Healthcare,Yes,Unknown
ITRC20161031-08,AxoGen,FL,Medical/Healthcare,Yes,Unknown
ITRC20161031-09,Symphony Health Solutions Corporation,PA,Medical/Healthcare,Yes,365
ITRC20161031-10,Ben Bridge Jewelers,WA,Business,Yes,Unknown
ITRC20161031-11,Mid-Ohio Foodbank,OH,Business,Yes,Unknown
ITRC20161031-12,Oldcastle Building Envelope,GA,Business,Yes,Unknown
ITRC20161031-13,USI Insurance Services / Univers Workplace Solutions,NY,Business,Yes,1851
ITRC20161031-14,Batdorf & Bronson Coffee Roasters,WA,Business,Yes,1845
ITRC20161031-15,"Kolodzey & Cox CPAs,",NJ,Business,Yes,Unknown
ITRC20161031-16,Stream Gas & Electric,TX,Business,Yes,Unknown
ITRC20161101-01,City of Duluth,MN,Government/Military,Yes,Unknown
ITRC20161101-02,Don Joses Mexican Restaurant,TX,Business,Yes,Unknown
ITRC20161101-03,Anthem,IN,Medical/Healthcare,Yes,3525
ITRC20161101-04,"Office of Dr. Dennis T. Myers, DDS,",MO,Medical/Healthcare,Yes,3364
ITRC20161101-05,You and Yeur Health Family Care,FL,Medical/Healthcare,Yes,3000
ITRC20161107-01,"Four Star Drug of Bethany, Inc",NE,Medical/Healthcare,Yes,647
ITRC20161107-02,MGA Home Healthcare,AZ,Medical/Healthcare,Yes,3119
ITRC20161107-03,"Singh and Arora Oncology Hematology",MI,Medical/Healthcare,Yes,16000
ITRC20161107-04,National Wholesale Incorporated,NC,Business,Yes,14281
ITRC20161107-05,Welk Resort Group,CA,Business,Yes,Unknown
ITRC20161107-06,i-Dressup.com,US,Business,Yes,Unknown
ITRC20161107-07,Manduka,CA,Business,Yes,Unknown
ITRC20161107-08,"Thirty Three Threads, Inc",CA,Business,Yes,Unknown
ITRC20161107-09,Sentinel Hotel,OR,Business,Yes,Unknown
ITRC20161108-01,Kaiser Foundation Health Plan of the Northwest,OR,Medical/Healthcare,Yes,544
ITRC20161108-02,DealerBuilt / Auto Dealerships Nationwide,IA,Business,Yes,Unknown
ITRC20161108-03,"Morris Rothenberg & Son, Inc. dba Rothco",NY,Business,Yes,Unknown
ITRC20161108-04,Prime Inc,MO,Business,Yes,Unknown
ITRC20161109-01,UFCW Local 655,MO,Business,Yes,Unknown
ITRC20161109-02,VA Eastern Colorado Health Care System,CO,Government/Military,Yes,2130
ITRC20161114-01,Seguin Dermatology,TX,Medical/Healthcare,Yes,29969
ITRC20161114-02,Broward Health Imperial Point,FL,Medical/Healthcare,Yes,126
ITRC20161115-01,Eileen Fisher,NY,Business,Yes,Unknown
ITRC20161115-02,Baxter Credit Union,CA,Banking/Credit/Financial,Yes,Unknown
ITRC20161115-03,"Honig's Whistle Stop, Inc",MI,Business,Yes,Unknown
ITRC20161115-04,Windy Ridge Accounting & Tax Service,OR,Business,Yes,Unknown
ITRC20161115-05,"Best Health Physical Therapy, LLC / Rehab Billing Solu",CT,Medical/Healthcare,Yes,1100
ITRC20161115-06,Austin Pulmonary Consultants,TX,Medical/Healthcare,Yes,889
ITRC20161115-07,"Kaiser Permanente Health Plan, Inc. (Southern Californ",CA,Medical/Healthcare,Yes,3044
ITRC20161115-08,"Kaiser Permanente Health Plan, Inc. (Northern Californ",CA,Medical/Healthcare,Yes,4432
ITRC20161115-09,Harrisonburg OB GYN Associates PC,VA,Medical/Healthcare,Yes,800
ITRC20161115-10,HeartCare Consultants,FL,Medical/Healthcare,Yes,16000
ITRC20161115-11,Indiana Health Coverage Program / HP Enterprise Serv,TX,Medical/Healthcare,Yes,1235
ITRC20161118-01,"Luque Chiropractic, Inc. / Watsonville Chiropractic, Inc",CA,Medical/Healthcare,Yes,1341
ITRC20161118-02,QVC,PA,Business,Yes,Unknown
ITRC20161118-03,Chicago Public Schools,IL,Education,Yes,30000
ITRC20161118-04,SiriusXM,NY,Business,Yes,Unknown
ITRC20161118-05,"Wal-Mart Stores, Inc",AR,Medical/Healthcare,Yes,771
ITRC20161118-06,KinetoRehab Physical Therapy,NY,Medical/Healthcare,Yes,665
ITRC20161118-07,Emblem Health,NY,Medical/Healthcare,Yes,Unknown
ITRC20161118-08,Horizon Blue Cross Blue Shield of New Jersey / Comm,NJ,Medical/Healthcare,Yes,170000
ITRC20161118-09,"Lebanon Cardiology Associates, PC Ambucor",PA,Medical/Healthcare,Yes,537
ITRC20161118-10,Buffalo Public School District,NY,Education,Yes,4400
ITRC20161118-11,"George Gillian, DDS",AR,Medical/Healthcare,Yes,Unknown
ITRC20161118-12,MYR Group,IL,Business,Yes,6878
ITRC20161121-01,Eye Institute of Marin (Marin Medical Practice Concept,CA,Medical/Healthcare,Yes,Unknown
ITRC20161121-02,Michigan State University,MI,Education,Yes,400000
ITRC20161121-03,Odyssey Logistics & Technology Corporation,CT,Business,Yes,Unknown
ITRC20161121-04,Gray Television,GA,Business,Yes,Unknown
ITRC20161121-05,US Department of Housing and Urban Development,DC,Government/Military,Yes,600000
ITRC20161121-06,Biomechanics LLC / Rehab Billing Solutions,AZ,Medical/Healthcare,Yes,1049
ITRC20161121-07,Briar Hill Management,MS,Medical/Healthcare,Yes,2000
ITRC20161121-08,Internal Revenue Service,DC,Government/Military,Yes,8031
ITRC20161122-01,Springfield Armory,IL,Business,Yes,Unknown
ITRC20161122-02,"Atlantis, Paradise Island (Brookfield Asset Managemen",FL,Business,Yes,Unknown
ITRC20161122-03,Wentworth-Douglass Hospital / Ambucor,NH,Medical/Healthcare,Yes,775
ITRC20161122-04,Main Line HealthCare / Ambucor,PA,Medical/Healthcare,Yes,4500
ITRC20161122-05,Northwell Health / /Lenox Hill Heart and Vascular Instit,NY,Medical/Healthcare,Yes,Unknown
ITRC20161122-06,Stony Brook Heart Institute / University Faculty Practic,NY,Medical/Healthcare,Yes,Unknown
ITRC20161122-07,Conemaugh Health System / Ambucor,PA,Medical/Healthcare,Yes,Unknown
ITRC20161122-08,Madison Square Garden Company,NY,Business,Yes,Unknown
ITRC20161128-02,CDCR - Folsom State Prison,CA,Government/Military,Yes,Unknown
ITRC20161128-03,Bigfork School District,MT,Education,Yes,Unknown
ITRC20161128-04,Vascular Surgical Associates,GA,Medical/Healthcare,Yes,36496
ITRC20161128-05,US Navy / Hewlett Packard Enterprise Services,DC,Government/Military,Yes,134386
ITRC20161128-06,Aetna Signature Administrators,CT,Medical/Healthcare,Yes,18854
ITRC20161128-07,Primerica,GA,Banking/Credit/Financial,Yes,Unknown
ITRC20161128-08,Backcountry Gear,OR,Business,Yes,Unknown
ITRC20161128-09,Ameriprise Financial,MN,Banking/Credit/Financial,Yes,Unknown
ITRC20161128-10,Yummie by Heather Thomson,NY,Business,Yes,Unknown
ITRC20161128-11,State Farm,IL,Business,Yes,Unknown
ITRC20161128-12,"Baker, Overby & Moore, Inc., P.S",WA,Business,Yes,Unknown
ITRC20161128-13,Christian Louboutin,NY,Business,Yes,Unknown
ITRC20161128-14,National Satellite Center,CA,Business,Yes,Unknown
ITRC20161128-15,"Natural Life Collections, Inc",FL,Business,Yes,Unknown
ITRC20161128-16,University of Montana,MT,Education,Yes,Unknown
ITRC20161128-17,"Office of Dale A. Wein, Prof. LLC",SD,Business,Yes,Unknown
ITRC20161128-18,Boeing Employees Credit Union,WA,Banking/Credit/Financial,Yes,Unknown
ITRC20161128-19,Capital One,VA,Banking/Credit/Financial,Yes,Unknown
ITRC20161128-20,City of Plummer,ID,Government/Military,Yes,Unknown
ITRC20161128-21,AdultFriendFinder,CA,Business,Yes,Unknown
ITRC20161129-01,Spreadshirt.com,MA,Business,Yes,Unknown
ITRC20161129-02,Darlingten,GA,Medical/Healthcare,Yes,600
ITRC20161129-03,"North Texas Heart Center, P.A",TX,Medical/Healthcare,Yes,4210
ITRC20161129-04,Lister Healthcare,AL,Medical/Healthcare,Yes,1349
ITRC20161129-05,Pinellas County Board of County Commissioners,FL,Government/Military,Yes,2800
ITRC20161129-06,Consultants in Neurological Surgery LLP,FL,Medical/Healthcare,Yes,800
ITRC20161129-07,Aon Hewitt,IL,Business,Yes,2892
ITRC20161129-08,State Street Corporation,MA,Banking/Credit/Financial,Yes,Unknown
ITRC20161129-09,IDEO.org,CA,Business,Yes,Unknown
ITRC20161129-10,U.S. Olympic Committee,CO,Business,Yes,Unknown
ITRC20161202-01,BLU,FL,Business,Yes,120000
ITRC20161205-01,Chesapeake Public Schools,VA,Education,Yes,10827
ITRC20161205-02,Group Health Incorporated,NY,Medical/Healthcare,Yes,81112
ITRC20161205-03,Akron General Medical Center,OH,Medical/Healthcare,Yes,730
ITRC20161205-04,Berkshire Medical Center / Ambucor,MA,Medical/Healthcare,Yes,1745
ITRC20161205-05,Camas Center Clinic / Kalispel Tribe of Indians,WA,Medical/Healthcare,Yes,504
ITRC20161205-06,Sagewood / LCS Westminster Partnership,AZ,Medical/Healthcare,Yes,863
ITRC20161205-07,"Louisiana Health Cooperative, Inc",LA,Medical/Healthcare,Yes,8000
ITRC20161205-08,OptumHealth New Mexico,MN,Medical/Healthcare,Yes,2006
ITRC20161205-09,Vision Care Florida,FL,Medical/Healthcare,Yes,7500
ITRC20161205-10,Office of Hillary Tentler,CA,Business,Yes,Unknown
ITRC20161205-11,LANG Companies,WI,Business,Yes,Unknown
ITRC20161205-12,San Jose Evergreen Community College District,CA,Education,Yes,Unknown
ITRC20161205-13,TSYS Merchant Solutions,NE,Business,Yes,Unknown
ITRC20161206-01,Glendale Adventist Medical Center / White Memorial M,CA,Medical/Healthcare,Yes,528
ITRC20161206-02,New Mexico Heart Institute / Ambucor,NM,Medical/Healthcare,Yes,4185
ITRC20161206-03,Cleveland Clinic Akron General / Ambucor,OH,Medical/Healthcare,Yes,730
ITRC20161206-04,"Guilmartin, DiPiro & Sokolowski, LLC",CT,Business,Yes,Unknown
ITRC20161206-05,Baylor College of Medicine,TX,Education,Yes,Unknown
ITRC20161206-06,"SwervePoint, LLC",MA,Business,Yes,Unknown
ITRC20161206-07,BWTX Associates,TX,Business,Yes,Unknown
ITRC20161206-08,Brennan Recupero Cascione Scungio and McAllister L,RI,Business,Yes,Unknown
ITRC20161206-09,Caesars Entertainment,NV,Business,Yes,Unknown
ITRC20161206-10,Educents,CA,Business,Yes,Unknown
ITRC20161206-11,Wisconsin National Guard Association,WI,Business,Yes,Unknown
ITRC20161208-01,East Valley Community Health Center,CA,Medical/Healthcare,Yes,65000
ITRC20161209-01,Managed Health Services #2,IN,Medical/Healthcare,Yes,5500
ITRC20161209-02,CVS Health,RI,Medical/Healthcare,Yes,626
ITRC20161209-03,"Preventice Services, LLC",TX,Medical/Healthcare,Yes,6800
ITRC20161209-04,UnitedHealth Group Single Affiliated Covered Entity #2,MN,Medical/Healthcare,Yes,1408
ITRC20161209-05,"Young Adult Institute, Inc",NY,Medical/Healthcare,Yes,913
ITRC20161209-06,Citrix Systems,FL,Business,Yes,Unknown
ITRC20161209-07,University of Vermont,VT,Education,Yes,Unknown
ITRC20161209-08,Henry County,GA,Government/Military,Yes,17841
ITRC20161212-01,Anchor Loans,CA,Banking/Credit/Financial,Yes,Unknown
ITRC20161212-02,BlackHeart Records,NY,Business,Yes,Unknown
ITRC20161212-03,Westcor Land Title Insurance Company,FL,Business,Yes,Unknown
ITRC20161212-04,"Astreya Partners, Inc",CA,Business,Yes,Unknown
ITRC20161212-05,Group Benefit Services,MD,Business,Yes,Unknown
ITRC20161212-06,Symphony EYC,MA,Business,Yes,Unknown
ITRC20161212-07,"Avinger, Inc",CA,Business,Yes,Unknown
ITRC20161212-08,"Veterans Management Services, Inc",VA,Business,Yes,Unknown
ITRC20161212-09,Raging Wire Data Centers,NV,Business,Yes,Unknown
ITRC20161212-10,"Total Community Options, Inc. dba InnovAge",CO,Business,Yes,Unknown
ITRC20161212-11,PhyMed,TN,Medical/Healthcare,Yes,Unknown
ITRC20161212-12,FriendFinders Network,CA,Business,Yes,Unknown
ITRC20161212-13,University of Wisconsin - Madison,WI,Education,Yes,1123
ITRC20161213-01,Quest Diagnostics,NJ,Medical/Healthcare,Yes,34055
ITRC20161213-02,BraceAbility,IA,Business,Yes,Unknown
ITRC20161215-01,Yahoo #2,CA,Business,Yes,Unknown
ITRC20161215-02,"Appalachian Gastroenterology, P.A",NC,Medical/Healthcare,Yes,11000
ITRC20161215-03,CHI Franciscan Health Hospice - Tacoma,WA,Medical/Healthcare,Yes,12413
ITRC20161215-04,Office of Charles Stamitoles,FL,Medical/Healthcare,Yes,5600
ITRC20161215-05,K Partners Hotel Management,TX,Business,Yes,Unknown
ITRC20161215-06,Office of Dr. Melissa D. Selke,MD,Medical/Healthcare,Yes,4277
ITRC20161216-01,Frederick County Public Schools,MD,Education,Yes,1000
ITRC20161216-02,Bleacher Report / Turner Broadcasting System,CA,Business,Yes,Unknown
ITRC20161216-03,"Black Hawk College / Summit Reinsurance Services, In",IL,Education,Yes,1000
ITRC20161216-04,Oak Cliff Orthopaedic Associates,TX,Medical/Healthcare,Yes,1057
ITRC20161216-05,O.C. Tanner,UT,Business,Yes,Unknown
ITRC20161216-06,Acceptance Insurance,TN,Business,Yes,Unknown
ITRC20161216-07,"VBrick Systems, Inc",VA,Business,Yes,Unknown
ITRC20161216-08,Trop Gun Shop,PA,Business,Yes,Unknown
ITRC20161216-09,Plano Synergy,IL,Business,Yes,Unknown
ITRC20161216-10,"Applause App Quality, Inc",MA,Business,Yes,Unknown
ITRC20161216-11,Lynn University,FL,Education,Yes,Unknown
ITRC20161216-12,Interstate Hotels & Resorts,VA,Business,Yes,Unknown
ITRC20161216-13,"Mann Mortgage, Inc.",MT,Banking/Credit/Financial,Yes,Unknown
ITRC20161216-15,Harvey Mudd College / Ultimate Software,CA,Education,Yes,Unknown
ITRC20161216-16,SkyOne Federal Credit Union,CA,Banking/Credit/Financial,Yes,Unknown
ITRC20161216-17,Coronado Stone Products,CA,Business,Yes,Unknown
ITRC20161219-01,County of Los Angeles,CA,Government/Military,Yes,749017
ITRC20161219-02,Modern Business Solutions,TX,Business,Yes,Unknown
ITRC20161219-03,Lynda.com,CA,Business,Yes,Unknown
ITRC20161219-04,Ameriprise,MN,Banking/Credit/Financial,Yes,350
ITRC20161219-05,Corpus Christi Independent School District,TX,Education,Yes,443
ITRC20161219-06,UnitedStatesGoldBureau.com,AL,Business,Yes,Unknown
ITRC20161219-07,"Lumiere Place Casino & Hotels / Tropicana St. Louis, L",MO,Business,Yes,Unknown
ITRC20161219-08,Pentagon,DC,Government/Military,Yes,3500
ITRC20161220-01,4D Sound Diagnostics,TX,Medical/Healthcare,Yes,1000
ITRC20161220-02,Contact Solutions,VA,Banking/Credit/Financial,Yes,Unknown
ITRC20161220-03,Bank of America,NC,Banking/Credit/Financial,Yes,Unknown
ITRC20161220-04,Matouk Factory Store,MA,Business,Yes,Unknown
ITRC20161220-05,"Anderson, Tackman & Company PLC",WI,Business,Yes,Unknown
ITRC20161220-06,"Green Plains, Inc",NE,Business,Yes,Unknown
ITRC20161220-07,USAA Federal Savings Bank,TX,Business,Yes,Unknown
ITRC20161220-08,"Taleff & Murphy, P.C",MT,Business,Yes,Unknown
ITRC20161220-09,American College of Emergency Physicians / ComNet,TX,Business,Yes,Unknown
ITRC20161220-10,United States Fire Insurance Company,NJ,Business,Yes,Unknown
ITRC20161221-01,University of Nebraska - Lincoln,NE,Education,Yes,30000
ITRC20161221-02,Community Health Plan of Washington,WA,Medical/Healthcare,Yes,381534
ITRC20161221-03,Columbia County School District,GA,Education,Yes,Unknown
ITRC20161221-04,Kaiser Permanente,CA,Medical/Healthcare,Yes,Unknown
ITRC20161221-05,"Western Union Financial Services, Inc",CO,Business,Yes,15700
ITRC20161222-01,Dover Federal Credit Union,DE,Banking/Credit/Financial,Yes,Unknown
ITRC20161222-02,Fairbanks Hospital,IN,Medical/Healthcare,Yes,12994
ITRC20161222-03,Henry County Health Department Home Health,OH,Medical/Healthcare,Yes,500
ITRC20161222-04,Luther College,IA,Education,Yes,Unknown
ITRC20161222-05,"Bomberg, Roach & Hanson, PLLC",MN,Business,Yes,Unknown
ITRC20161222-06,Federal Savings Bank,IL,Banking/Credit/Financial,Yes,Unknown
ITRC20161222-07,Southcentral Foundation,AK,Medical/Healthcare,Yes,14719
ITRC20161229-01,Desert Care Family and Sports Medicine,AZ,Medical/Healthcare,Yes,500
ITRC20161229-02,Nevada Division of Public and Behavioral Health,NV,Government/Military,Yes,11700
ITRC20161229-03,InterContinental Hotels Group,GA,Business,Yes,Unknown
ITRC20161229-04,Department of Health and Human Services / New Ham,NH,Government/Military,Yes,15000
ITRC20161229-05,Claremont University Consortium,CA,Education,Yes,Unknown
ITRC20161229-06,"Topps Company, Inc",NY,Business,Yes,Unknown
ITRC20161229-07,"Graphik Dimensions, Ltd",NC,Business,Yes,Unknown
ITRC20161229-08,Atmore Community Hospital / Infirmary Health,AL,Medical/Healthcare,Yes,1000
ITRC20161229-09,Brandywine Pediatrics. P.A.,DE,Medical/Healthcare,Yes,Unknown
ITRC20161229-10,"V.I. Pay, Inc",MI,Business,Yes,Unknown
ITRC20161229-11,WestPark Capital,CA,Banking/Credit/Financial,Yes,Unknown
ITRC20161229-12,University of Maine,ME,Education,Yes,86
ITRC20161229-13,Forsyth County Tax Commission,GA,Government/Military,Yes,19793
ITRC20161229-14,Georgia Tech,GA,Education,Yes,Unknown
ITRC20161229-15,Safe for Home Products LLC dba Naturepedic,OH,Business,Yes,Unknown
ITRC20161229-16,Providence Health & Services,WA,Medical/Healthcare,Yes,Unknown
ITRC20161229-17,Breville USA,CA,Business,Yes,Unknown
ITRC20161229-18,"Fujitsu Computer Products of America, Inc",CA,Business,Yes,Unknown
ITRC20161229-19,Gorilla Glue Company,OH,Business,Yes,Unknown
ITRC20161229-20,Indique,MA,Business,Yes,1500
ITRC20161229-21,"Julep Beauty, Inc",WA,Business,Yes,Unknown
ITRC20161229-22,Upper Connecticut Valley Hospital,NH,Medical/Healthcare,Yes,Unknown
ITRC20161229-23,Venture Logistics,IN,Business,Yes,Unknown
ITRC20161231-01,Pentagon / Potomac Healthcare Solutions,VA,Government/Military,Yes,Unknown
ITRC20161231-02,Sheet Metal Workers' Local Union No. 104,CA,Business,Yes,Unknown
ITRC20161231-03,ADVANTAGE Health Solutions,IN,Medical/Healthcare,Yes,2387
ITRC20161231-04,Washington Health System,PA,Medical/Healthcare,Yes,544
ITRC20161231-05,Washington National Insurance Company,IN,Medical/Healthcare,Yes,1458
ITRC20161231-06,"Cascade Management, Inc.",OR,Business,Yes,3465
ITRC20161231-07,"Hash, O'Brien, Biby & Murray PLLP",MT,Business,Yes,Unknown
ITRC20161231-08,American Pharmacists Association / Comnet,DC,Business,Yes,Unknown
ITRC20161231-09,"Gustafson & Wargo, CPAs, LLP",NY,Business,Yes,Unknown
ITRC20161231-12,Medtronic,MN,Medical/Healthcare,Yes,Unknown
ITRC20161231-13,Southcentral Foundation,AK,Business,Yes,Unknown
ITRC20161231-14,Renville County Hospital & Clinics,MN,Medical/Healthcare,Yes,Unknown
ITRC20161231-15,"Curse, Inc.",AL,Business,Yes,Unknown
ITRC20161231-16,MKK Consulting,CO,Business,Yes,Unknown
ITRC20161231-17,Distinct Software Solutions dba Golf18Network,TX,Business,Yes,Unknown
ITRC20161231-18,Leavitt Group,UT,Business,Yes,Unknown
ITRC20161231-19,Glu Mobile,CA,Business,Yes,Unknown
ITRC20161231-20,Addus HomeCare,IL,Business,Yes,Unknown
ITRC20161231-21,Prime Therapeutics,MN,Business,Yes,Unknown
ITRC20161231-22,Pioneer News Group,WA,Business,Yes,Unknown
ITRC20161231-23,Rule Steel,ID,Business,Yes,Unknown
ITRC20161231-24,Midland Paper Packaging & Supplies,IL,Business,Yes,Unknown
ITRC20161231-25,Next Generation Tax and Accounting,NE,Business,Yes,Unknown
ITRC20161231-26,Great Falls Clinic,MT,Medical/Healthcare,Yes,Unknown
ITRC20161231-27,"Armstrong, Backus & Co., LLP / myPay Solutions",TX,Business,Yes,Unknown
ITRC20161231-28,GlaxoSmithKline,PA,Business,Yes,Unknown
ITRC20161231-29,"Road and Highway Builders, LLC",NV,Business,Yes,Unknown
ITRC20161231-30,Northern State Bank,WI,Banking/Credit/Financial,Yes,Unknown
ITRC20161231-31,PayneWest Insurance,MT,Business,Yes,Unknown
ITRC20161231-32,Engineering Solutions & Products,VA,Business,Yes,Unknown
ITRC20161231-33,Maxim Crane Works,CA,Business,Yes,Unknown
ITRC20161231-34,Numerex Corporation,GA,Business,Yes,Unknown
ITRC20161231-35,L4 Digital,WA,Business,Yes,Unknown
ITRC20161231-36,Tetra Technologies,TX,Business,Yes,Unknown
ITRC20161231-37,Seirus Innovation,CA,Business,Yes,Unknown
